1776818220000,"0.0570000","0.0571400","0.0570000","0.0571000","6654"
1776818280000,"0.0573600","0.0573800","0.0572100","0.0572100","28013"
1776818340000,"0.0575700","0.0578200","0.0575700","0.0578200","767"
1776818400000,"0.0577400","0.0580000","0.0577000","0.0577500","89559"
1776818460000,"0.0577500","0.0577500","0.0577500","0.0577500","0"
1776818520000,"0.0574400","0.0574400","0.0573900","0.0573900","50000"
1776818580000,"0.0572800","0.0572800","0.0572800","0.0572800","4000"
1776818640000,"0.0572600","0.0573500","0.0570600","0.0572900","16000"
1776818700000,"0.0574000","0.0578200","0.0573300","0.0575200","41785"
1776818760000,"0.0575200","0.0575200","0.0575200","0.0575200","0"
1776818820000,"0.0570000","0.0570000","0.0566800","0.0566800","2291"
1776818880000,"0.0565000","0.0569000","0.0565000","0.0568900","196286"
1776818940000,"0.0563500","0.0563700","0.0562600","0.0562600","21926"
1776819000000,"0.0566500","0.0566500","0.0566500","0.0566500","605"
1776819060000,"0.0564600","0.0564600","0.0564600","0.0564600","152"
1776819120000,"0.0561700","0.0564500","0.0561700","0.0564500","2955"
1776819180000,"0.0565200","0.0567500","0.0564900","0.0567500","54765"
1776819240000,"0.0567400","0.0568700","0.0561100","0.0565500","92243"
1776819300000,"0.0568600","0.0568600","0.0564400","0.0565300","9403"
1776819360000,"0.0566600","0.0566900","0.0566600","0.0566900","7177"
1776819420000,"0.0572600","0.0572600","0.0572200","0.0572200","16262"
1776819480000,"0.0572200","0.0572200","0.0572200","0.0572200","0"
1776819540000,"0.0572200","0.0572200","0.0572200","0.0572200","0"
1776819600000,"0.0572200","0.0572200","0.0572200","0.0572200","0"
1776819660000,"0.0574400","0.0574400","0.0573700","0.0573700","7617"
1776819720000,"0.0569000","0.0569000","0.0556600","0.0564300","26705"
1776819780000,"0.0559300","0.0560300","0.0557900","0.0560300","14382"
1776819840000,"0.0558900","0.0558900","0.0555500","0.0555700","15748"
1776819900000,"0.0558400","0.0558400","0.0554200","0.0554300","46504"
1776819960000,"0.0556300","0.0558500","0.0556200","0.0558100","15431"
1776820020000,"0.0560300","0.0560300","0.0560200","0.0560200","7921"
1776820080000,"0.0560200","0.0560200","0.0560200","0.0560200","0"
1776820140000,"0.0560200","0.0561000","0.0560200","0.0561000","2417"
1776820200000,"0.0557900","0.0560800","0.0557900","0.0560800","9569"
1776820260000,"0.0559400","0.0559400","0.0555300","0.0555300","4183"
1776820320000,"0.0554700","0.0554700","0.0539100","0.0539900","136248"
1776820380000,"0.0549200","0.0549200","0.0534800","0.0534800","59085"
1776820440000,"0.0538000","0.0546800","0.0538000","0.0546800","15547"
1776820500000,"0.0548300","0.0548300","0.0548300","0.0548300","1818"
1776820560000,"0.0548300","0.0548300","0.0548300","0.0548300","0"
1776820620000,"0.0548300","0.0548300","0.0548300","0.0548300","0"
1776820680000,"0.0546400","0.0550000","0.0544000","0.0549800","40511"
1776820740000,"0.0552400","0.0552700","0.0548300","0.0548300","34030"
1776820800000,"0.0555000","0.0555000","0.0555000","0.0555000","4145"
1776820860000,"0.0559100","0.0559500","0.0559100","0.0559500","19678"
1776820920000,"0.0559900","0.0563500","0.0559900","0.0563500","14509"
1776820980000,"0.0563900","0.0563900","0.0561500","0.0561500","21731"
1776821040000,"0.0561000","0.0561000","0.0557800","0.0557900","62290"
1776821100000,"0.0561200","0.0561800","0.0557800","0.0557800","131300"
1776821160000,"0.0559300","0.0560500","0.0559100","0.0560500","46862"
1776821220000,"0.0561700","0.0561900","0.0560200","0.0560500","82478"
1776821280000,"0.0562000","0.0566800","0.0562000","0.0566800","21258"
1776821340000,"0.0565900","0.0566100","0.0565900","0.0566100","22485"
1776821400000,"0.0566600","0.0566600","0.0566500","0.0566500","4412"
1776821460000,"0.0564700","0.0567100","0.0559900","0.0559900","70453"
1776821520000,"0.0566100","0.0567000","0.0565500","0.0567000","21946"
1776821580000,"0.0567000","0.0572000","0.0566700","0.0572000","30554"
1776821640000,"0.0571300","0.0571400","0.0570100","0.0570100","29310"
1776821700000,"0.0573500","0.0577400","0.0570100","0.0571700","243041"
1776821760000,"0.0571800","0.0573700","0.0570800","0.0573700","67496"
1776821820000,"0.0574700","0.0615700","0.0574700","0.0580100","121413"
1776821880000,"0.0577900","0.0579800","0.0577400","0.0579800","36326"
1776821940000,"0.0579800","0.0579800","0.0570100","0.0573300","189591"
1776822000000,"0.0573300","0.0574600","0.0570100","0.0574600","217008"
1776822060000,"0.0574300","0.0577500","0.0572300","0.0577500","161649"
1776822120000,"0.0571500","0.0572100","0.0571500","0.0572100","30000"
1776822180000,"0.0571500","0.0573200","0.0571500","0.0573200","37318"
1776822240000,"0.0573600","0.0573600","0.0567100","0.0567700","143402"
1776822300000,"0.0568600","0.0569500","0.0567500","0.0567800","27667"
1776822360000,"0.0573100","0.0575700","0.0573100","0.0575700","9936"
1776822420000,"0.0575700","0.0575700","0.0575700","0.0575700","0"
1776822480000,"0.0575700","0.0575700","0.0575700","0.0575700","0"
1776822540000,"0.0565200","0.0565300","0.0565200","0.0565300","4175"
1776822600000,"0.0565300","0.0565300","0.0565300","0.0565300","0"
1776822660000,"0.0565300","0.0565300","0.0565300","0.0565300","0"
1776822720000,"0.0571200","0.0571200","0.0571200","0.0571200","1890"
1776822780000,"0.0571400","0.0571400","0.0570700","0.0570700","6556"
1776822840000,"0.0570700","0.0570700","0.0570700","0.0570700","0"
1776822900000,"0.0569600","0.0570700","0.0569600","0.0570700","6266"
1776822960000,"0.0571400","0.0577200","0.0571400","0.0573000","136561"
1776823020000,"0.0573400","0.0576700","0.0573400","0.0574800","106611"
1776823080000,"0.0573800","0.0580600","0.0572100","0.0572100","144512"
1776823140000,"0.0571000","0.0572000","0.0566700","0.0568200","47358"
1776823200000,"0.0567900","0.0567900","0.0567900","0.0567900","100"
1776823260000,"0.0567400","0.0567400","0.0565000","0.0565000","27031"
1776823320000,"0.0566300","0.0566300","0.0562900","0.0562900","23301"
1776823380000,"0.0565900","0.0565900","0.0565900","0.0565900","12299"
1776823440000,"0.0572900","0.0573000","0.0572900","0.0573000","5991"
1776823500000,"0.0572400","0.0572400","0.0568400","0.0568400","4126"
1776823560000,"0.0564100","0.0564100","0.0562600","0.0562600","14278"
1776823620000,"0.0563300","0.0564900","0.0562200","0.0563700","44904"
1776823680000,"0.0563700","0.0563700","0.0562800","0.0562800","29523"
1776823740000,"0.0565200","0.0565200","0.0565200","0.0565200","7829"
1776823800000,"0.0565600","0.0565600","0.0565600","0.0565600","100"
1776823860000,"0.0564600","0.0567000","0.0564600","0.0567000","14891"
1776823920000,"0.0566200","0.0566200","0.0566200","0.0566200","2653"
1776823980000,"0.0567000","0.0567000","0.0567000","0.0567000","1457"
1776824040000,"0.0570400","0.0571700","0.0570400","0.0571700","29626"
1776824100000,"0.0568200","0.0568200","0.0568200","0.0568200","1271"
1776824160000,"0.0569900","0.0569900","0.0569900","0.0569900","210"
1776824220000,"0.0569100","0.0569100","0.0566000","0.0566000","15492"
1776824280000,"0.0566000","0.0566000","0.0566000","0.0566000","0"
1776824340000,"0.0567800","0.0567800","0.0566000","0.0566000","15282"
1776824400000,"0.0564700","0.0565000","0.0564100","0.0564100","25867"
1776824460000,"0.0563500","0.0563500","0.0563500","0.0563500","4548"
1776824520000,"0.0567200","0.0567200","0.0567200","0.0567200","6443"
1776824580000,"0.0568800","0.0569300","0.0568700","0.0569300","9065"
1776824640000,"0.0573200","0.0573200","0.0573200","0.0573200","3451"
1776824700000,"0.0571500","0.0571500","0.0571500","0.0571500","2633"
1776824760000,"0.0569200","0.0569200","0.0569200","0.0569200","6386"
1776824820000,"0.0569200","0.0569200","0.0569200","0.0569200","11510"
1776824880000,"0.0567500","0.0569000","0.0567500","0.0569000","3170"
1776824940000,"0.0569000","0.0569000","0.0569000","0.0569000","0"
1776825000000,"0.0568900","0.0569800","0.0567800","0.0567800","31656"
1776825060000,"0.0567800","0.0567800","0.0567800","0.0567800","0"
1776825120000,"0.0567800","0.0567800","0.0567800","0.0567800","0"
1776825180000,"0.0569500","0.0569500","0.0569200","0.0569200","17392"
1776825240000,"0.0569200","0.0569200","0.0569200","0.0569200","0"
1776825300000,"0.0573000","0.0627400","0.0573000","0.0594700","768965"
1776825360000,"0.0598700","0.0598700","0.0587500","0.0587500","158117"
1776825420000,"0.0595000","0.0621600","0.0595000","0.0597800","241801"
1776825480000,"0.0598000","0.0598000","0.0591600","0.0591800","101105"
1776825540000,"0.0594400","0.0604000","0.0593700","0.0604000","91765"
1776825600000,"0.0598800","0.0598800","0.0596300","0.0596300","39964"
1776825660000,"0.0596700","0.0596700","0.0594700","0.0594700","19023"
1776825720000,"0.0594700","0.0594700","0.0594700","0.0594700","0"
1776825780000,"0.0600100","0.0604800","0.0597900","0.0604800","13971"
1776825840000,"0.0609800","0.0624200","0.0601800","0.0602400","340334"
1776825900000,"0.0601800","0.0605400","0.0598400","0.0605400","155476"
1776825960000,"0.0602600","0.0607100","0.0601700","0.0607100","120915"
1776826020000,"0.0596100","0.0596100","0.0596100","0.0596100","12795"
1776826080000,"0.0598900","0.0606600","0.0598900","0.0606600","107800"
1776826140000,"0.0597900","0.0597900","0.0597900","0.0597900","1140"
1776826200000,"0.0597900","0.0597900","0.0597900","0.0597900","0"
1776826260000,"0.0598600","0.0598600","0.0597300","0.0597300","263"
1776826320000,"0.0600400","0.0604000","0.0600400","0.0604000","4546"
1776826380000,"0.0604900","0.0606600","0.0603300","0.0603300","98874"
1776826440000,"0.0605400","0.0610700","0.0604500","0.0610700","30451"
1776826500000,"0.0611900","0.0611900","0.0611900","0.0611900","813"
1776826560000,"0.0600000","0.0600000","0.0600000","0.0600000","115"
1776826620000,"0.0598300","0.0598300","0.0596100","0.0596100","13945"
1776826680000,"0.0593300","0.0593300","0.0593300","0.0593300","4901"
1776826740000,"0.0597400","0.0599700","0.0597000","0.0599700","18645"
1776826800000,"0.0596800","0.0596900","0.0596800","0.0596900","2816"
1776826860000,"0.0597900","0.0599100","0.0597900","0.0599100","25000"
1776826920000,"0.0592400","0.0592400","0.0590000","0.0590000","14227"
1776826980000,"0.0594000","0.0597400","0.0592700","0.0597400","121797"
1776827040000,"0.0597400","0.0597400","0.0597400","0.0597400","0"
1776827100000,"0.0598100","0.0598100","0.0597400","0.0597400","11785"
1776827160000,"0.0599800","0.0603500","0.0599800","0.0603500","24985"
1776827220000,"0.0602600","0.0603200","0.0602600","0.0603200","13371"
1776827280000,"0.0597200","0.0597200","0.0597100","0.0597100","4996"
1776827340000,"0.0601600","0.0602900","0.0600300","0.0601900","162860"
1776827400000,"0.0600600","0.0604100","0.0600600","0.0604100","32380"
1776827460000,"0.0603700","0.0604000","0.0603100","0.0603100","24083"
1776827520000,"0.0602500","0.0606600","0.0602200","0.0606600","6164"
1776827580000,"0.0610000","0.0611400","0.0609500","0.0611200","19562"
1776827640000,"0.0618500","0.0618500","0.0616000","0.0616900","9269"
1776827700000,"0.0611200","0.0611200","0.0609400","0.0610600","6478"
1776827760000,"0.0611300","0.0612700","0.0608500","0.0608500","17330"
1776827820000,"0.0613000","0.0613000","0.0613000","0.0613000","1229"
1776827880000,"0.0613000","0.0613000","0.0613000","0.0613000","0"
1776827940000,"0.0611000","0.0611000","0.0609800","0.0609800","7202"
1776828000000,"0.0609700","0.0609700","0.0609600","0.0609600","5330"
1776828060000,"0.0609700","0.0609700","0.0609700","0.0609700","3989"
1776828120000,"0.0612500","0.0616500","0.0612400","0.0612400","13998"
1776828180000,"0.0618000","0.0620000","0.0617800","0.0619400","9323"
1776828240000,"0.0617500","0.0617500","0.0608800","0.0608800","15115"
1776828300000,"0.0610000","0.0611700","0.0610000","0.0611700","33480"
1776828360000,"0.0613100","0.0620000","0.0613100","0.0620000","19506"
1776828420000,"0.0617700","0.0627100","0.0617500","0.0627100","13426"
1776828480000,"0.0622000","0.0622000","0.0620400","0.0620400","4870"
1776828540000,"0.0622200","0.0622200","0.0621000","0.0621000","25000"
1776828600000,"0.0619100","0.0619100","0.0616400","0.0616400","1294"
1776828660000,"0.0616400","0.0616400","0.0616400","0.0616400","0"
1776828720000,"0.0621800","0.0621800","0.0617700","0.0620000","114637"
1776828780000,"0.0619400","0.0626900","0.0617200","0.0626900","50248"
1776828840000,"0.0627300","0.0632600","0.0623900","0.0628600","311725"
1776828900000,"0.0630300","0.0631900","0.0625500","0.0628900","125014"
1776828960000,"0.0631600","0.0631900","0.0625600","0.0625600","47007"
1776829020000,"0.0623000","0.0630700","0.0623000","0.0629700","152579"
1776829080000,"0.0627100","0.0630900","0.0625000","0.0625700","89820"
1776829140000,"0.0625700","0.0625700","0.0619000","0.0619000","22207"
1776829200000,"0.0621200","0.0625700","0.0621200","0.0625700","17630"
1776829260000,"0.0623000","0.0623000","0.0617100","0.0617200","21265"
1776829320000,"0.0617900","0.0620100","0.0616200","0.0619300","39501"
1776829380000,"0.0618600","0.0623300","0.0618600","0.0622900","20280"
1776829440000,"0.0623500","0.0624800","0.0620800","0.0620800","20039"
1776829500000,"0.0620900","0.0626000","0.0620400","0.0626000","21721"
1776829560000,"0.0623600","0.0627700","0.0623600","0.0626000","34157"
1776829620000,"0.0625400","0.0626700","0.0624700","0.0625600","40910"
1776829680000,"0.0625000","0.0628300","0.0624900","0.0627300","96108"
1776829740000,"0.0628900","0.0637900","0.0628900","0.0637900","32395"
1776829800000,"0.0637500","0.0644200","0.0637500","0.0638000","17953"
1776829860000,"0.0637000","0.0639400","0.0635200","0.0638100","43581"
1776829920000,"0.0643200","0.0650000","0.0643200","0.0650000","16125"
1776829980000,"0.0652800","0.0653500","0.0647000","0.0647000","40302"
1776830040000,"0.0646500","0.0648400","0.0641600","0.0647900","51427"
1776830100000,"0.0648500","0.0648500","0.0644700","0.0644700","9286"
1776830160000,"0.0644700","0.0644700","0.0641900","0.0644300","17363"
1776830220000,"0.0644200","0.0645900","0.0643400","0.0644300","40514"
1776830280000,"0.0645000","0.0647900","0.0645000","0.0646400","7121"
1776830340000,"0.0645900","0.0645900","0.0636400","0.0638700","31128"
1776830400000,"0.0642400","0.0642400","0.0638400","0.0638400","23009"
1776830460000,"0.0638400","0.0638400","0.0638400","0.0638400","0"
1776830520000,"0.0639400","0.0640600","0.0638900","0.0640600","21268"
1776830580000,"0.0640600","0.0640600","0.0640600","0.0640600","0"
1776830640000,"0.0637100","0.0637100","0.0628600","0.0631700","27101"
1776830700000,"0.0633500","0.0633500","0.0633500","0.0633500","669"
1776830760000,"0.0631700","0.0631700","0.0618200","0.0623300","46738"
1776830820000,"0.0617000","0.0621100","0.0617000","0.0621000","6958"
1776830880000,"0.0622100","0.0629500","0.0622100","0.0629400","55853"
1776830940000,"0.0626600","0.0629600","0.0620900","0.0620900","99877"
1776831000000,"0.0625000","0.0625000","0.0619800","0.0619800","2581"
1776831060000,"0.0619800","0.0619800","0.0619800","0.0619800","0"
1776831120000,"0.0622200","0.0622200","0.0622200","0.0622200","950"
1776831180000,"0.0621000","0.0621000","0.0621000","0.0621000","1607"
1776831240000,"0.0621000","0.0621000","0.0621000","0.0621000","0"
1776831300000,"0.0617000","0.0617500","0.0612500","0.0612500","7589"
1776831360000,"0.0615300","0.0619200","0.0615100","0.0617800","14186"
1776831420000,"0.0618400","0.0623100","0.0618400","0.0621800","106552"
1776831480000,"0.0621000","0.0622900","0.0617900","0.0622900","39910"
1776831540000,"0.0617900","0.0617900","0.0616200","0.0616200","4225"
1776831600000,"0.0614000","0.0614000","0.0605200","0.0605200","48221"
1776831660000,"0.0607500","0.0616900","0.0607500","0.0616900","18700"
1776831720000,"0.0615600","0.0615600","0.0615600","0.0615600","2411"
1776831780000,"0.0617700","0.0620000","0.0617700","0.0619800","6711"
1776831840000,"0.0622500","0.0624700","0.0622500","0.0624700","8666"
1776831900000,"0.0623200","0.0630400","0.0623200","0.0630400","25000"
1776831960000,"0.0625600","0.0625800","0.0625100","0.0625100","4848"
1776832020000,"0.0624600","0.0624600","0.0620600","0.0623100","42185"
1776832080000,"0.0623100","0.0623100","0.0623100","0.0623100","0"
1776832140000,"0.0617200","0.0619100","0.0617200","0.0619100","2123"
1776832200000,"0.0620600","0.0624600","0.0620600","0.0624600","6820"
1776832260000,"0.0620300","0.0620300","0.0620300","0.0620300","1612"
1776832320000,"0.0620300","0.0620300","0.0620300","0.0620300","0"
1776832380000,"0.0620300","0.0620300","0.0620300","0.0620300","0"
1776832440000,"0.0627900","0.0632500","0.0627900","0.0632500","4552"
1776832500000,"0.0623800","0.0623800","0.0621000","0.0621000","8032"
1776832560000,"0.0621000","0.0621000","0.0621000","0.0621000","0"
1776832620000,"0.0624800","0.0624800","0.0624800","0.0624800","1601"
1776832680000,"0.0625200","0.0625200","0.0625200","0.0625200","1600"
1776832740000,"0.0618000","0.0618000","0.0615100","0.0615100","7054"
1776832800000,"0.0617100","0.0620100","0.0617100","0.0620100","4572"
1776832860000,"0.0618900","0.0621600","0.0618900","0.0621600","11639"
1776832920000,"0.0621600","0.0621600","0.0621600","0.0621600","0"
1776832980000,"0.0621600","0.0621600","0.0621600","0.0621600","0"
1776833040000,"0.0623500","0.0623500","0.0623500","0.0623500","1685"
1776833100000,"0.0623500","0.0623500","0.0623500","0.0623500","0"
1776833160000,"0.0618700","0.0618700","0.0611400","0.0611400","7160"
1776833220000,"0.0615900","0.0618500","0.0615900","0.0618500","8151"
1776833280000,"0.0622100","0.0622100","0.0622100","0.0622100","1608"
1776833340000,"0.0622100","0.0622100","0.0622100","0.0622100","0"
1776833400000,"0.0622100","0.0622100","0.0622100","0.0622100","0"
1776833460000,"0.0622100","0.0622100","0.0622100","0.0622100","0"
1776833520000,"0.0622100","0.0622100","0.0622100","0.0622100","0"
1776833580000,"0.0617100","0.0617100","0.0616900","0.0616900","4822"
1776833640000,"0.0616900","0.0616900","0.0616900","0.0616900","0"
1776833700000,"0.0616400","0.0616900","0.0615900","0.0615900","1473"
1776833760000,"0.0614200","0.0614200","0.0614200","0.0614200","1891"
1776833820000,"0.0613800","0.0613800","0.0613800","0.0613800","1882"
1776833880000,"0.0613800","0.0613800","0.0613800","0.0613800","0"
1776833940000,"0.0611400","0.0611500","0.0605200","0.0605200","142148"
1776834000000,"0.0613900","0.0613900","0.0613900","0.0613900","858"
1776834060000,"0.0620100","0.0621600","0.0619400","0.0621300","96919"
1776834120000,"0.0620900","0.0620900","0.0620900","0.0620900","1369"
1776834180000,"0.0621100","0.0621100","0.0621100","0.0621100","780"
1776834240000,"0.0621100","0.0621100","0.0621100","0.0621100","0"
1776834300000,"0.0621100","0.0621100","0.0621100","0.0621100","0"
1776834360000,"0.0625800","0.0626600","0.0624200","0.0624300","4968"
1776834420000,"0.0624300","0.0624300","0.0624300","0.0624300","0"
1776834480000,"0.0627500","0.0627500","0.0627500","0.0627500","1808"
1776834540000,"0.0627500","0.0627500","0.0627500","0.0627500","0"
1776834600000,"0.0629700","0.0629700","0.0628100","0.0628100","18327"
1776834660000,"0.0627300","0.0629700","0.0626000","0.0628800","33497"
1776834720000,"0.0625600","0.0625600","0.0621600","0.0621600","4353"
1776834780000,"0.0623100","0.0623300","0.0622800","0.0622900","35758"
1776834840000,"0.0622000","0.0624300","0.0621300","0.0624300","34004"
1776834900000,"0.0622100","0.0622100","0.0621400","0.0621400","5653"
1776834960000,"0.0622000","0.0622300","0.0620900","0.0622100","8724"
1776835020000,"0.0617100","0.0618300","0.0617100","0.0618300","3025"
1776835080000,"0.0620200","0.0621400","0.0620200","0.0621400","5161"
1776835140000,"0.0625300","0.0626800","0.0625100","0.0625200","10241"
1776835200000,"0.0625000","0.0625000","0.0624200","0.0624200","14002"
1776835260000,"0.0622200","0.0622200","0.0621200","0.0621200","7444"
1776835320000,"0.0622700","0.0622700","0.0622700","0.0622700","1837"
1776835380000,"0.0622700","0.0626500","0.0622600","0.0626500","21342"
1776835440000,"0.0629500","0.0640500","0.0629500","0.0638000","415666"
1776835500000,"0.0639200","0.0639200","0.0625500","0.0628500","191449"
1776835560000,"0.0626900","0.0632200","0.0626900","0.0632200","26461"
1776835620000,"0.0633300","0.0633300","0.0631900","0.0632700","26277"
1776835680000,"0.0632600","0.0633000","0.0632300","0.0633000","27792"
1776835740000,"0.0632600","0.0632600","0.0631900","0.0631900","12339"
1776835800000,"0.0630400","0.0639400","0.0630400","0.0637100","58656"
1776835860000,"0.0644600","0.0644600","0.0641900","0.0642300","8347"
1776835920000,"0.0642800","0.0642800","0.0642000","0.0642000","3725"
1776835980000,"0.0642300","0.0647700","0.0642300","0.0647700","107416"
1776836040000,"0.0654000","0.0656800","0.0653500","0.0654100","34998"
1776836100000,"0.0652300","0.0652300","0.0648300","0.0650700","10923"
1776836160000,"0.0650900","0.0655000","0.0650000","0.0651100","78357"
1776836220000,"0.0655000","0.0668400","0.0655000","0.0664700","45012"
1776836280000,"0.0674000","0.0676100","0.0671500","0.0676100","9584"
1776836340000,"0.0680000","0.0698800","0.0680000","0.0697300","334562"
1776836400000,"0.0699800","0.0713200","0.0699800","0.0709800","74577"
1776836460000,"0.0708900","0.0712700","0.0691900","0.0694400","487454"
1776836520000,"0.0698700","0.0699500","0.0680400","0.0687400","122582"
1776836580000,"0.0684200","0.0691900","0.0684200","0.0689800","39536"
1776836640000,"0.0689700","0.0694500","0.0684700","0.0694500","47729"
1776836700000,"0.0694400","0.0716000","0.0694400","0.0713700","201009"
1776836760000,"0.0714300","0.0737400","0.0714300","0.0722500","206971"
1776836820000,"0.0718500","0.0724600","0.0718500","0.0719100","67360"
1776836880000,"0.0722200","0.0727700","0.0709500","0.0727700","149489"
1776836940000,"0.0728300","0.0743500","0.0723000","0.0733600","53249"
1776837000000,"0.0734800","0.0734800","0.0723400","0.0724700","30270"
1776837060000,"0.0724900","0.0754100","0.0724900","0.0750600","59940"
1776837120000,"0.0748600","0.0748600","0.0741200","0.0743800","20903"
1776837180000,"0.0743200","0.0763100","0.0743200","0.0761200","114226"
1776837240000,"0.0760600","0.0769300","0.0758700","0.0758700","100804"
1776837300000,"0.0755100","0.0765800","0.0753100","0.0760700","99448"
1776837360000,"0.0761500","0.0769800","0.0748500","0.0751100","33012"
1776837420000,"0.0750000","0.0750000","0.0745200","0.0749900","114388"
1776837480000,"0.0762000","0.0781200","0.0761900","0.0771300","112049"
1776837540000,"0.0776700","0.0778200","0.0769600","0.0771900","11271"
1776837600000,"0.0779600","0.0796400","0.0779600","0.0792100","42707"
1776837660000,"0.0795300","0.0795300","0.0792700","0.0792700","10498"
1776837720000,"0.0791000","0.0791100","0.0766300","0.0783600","131415"
1776837780000,"0.0783600","0.0807600","0.0783600","0.0799400","55081"
1776837840000,"0.0779800","0.0786400","0.0767900","0.0771700","40362"
1776837900000,"0.0762300","0.0784500","0.0759900","0.0781200","77969"
1776837960000,"0.0788600","0.0788600","0.0773800","0.0773800","329658"
1776838020000,"0.0757900","0.0762700","0.0754500","0.0757600","139380"
1776838080000,"0.0759500","0.0761500","0.0746200","0.0758500","72514"
1776838140000,"0.0753400","0.0771300","0.0748600","0.0771300","119518"
1776838200000,"0.0770800","0.0771200","0.0759700","0.0764500","109830"
1776838260000,"0.0768300","0.0784600","0.0768000","0.0782000","136584"
1776838320000,"0.0784900","0.0784900","0.0769900","0.0770300","16762"
1776838380000,"0.0775900","0.0784500","0.0775900","0.0782400","138859"
1776838440000,"0.0789900","0.0799100","0.0783300","0.0786400","57288"
1776838500000,"0.0789300","0.0795600","0.0785900","0.0786500","126246"
1776838560000,"0.0789600","0.0789600","0.0775900","0.0777100","94959"
1776838620000,"0.0776000","0.0777200","0.0767100","0.0777200","101765"
1776838680000,"0.0780300","0.0783200","0.0765100","0.0765100","72208"
1776838740000,"0.0765300","0.0773700","0.0759000","0.0760600","26913"
1776838800000,"0.0764900","0.0773900","0.0764900","0.0772700","34513"
1776838860000,"0.0772500","0.0772500","0.0751600","0.0751900","35242"
1776838920000,"0.0758100","0.0762000","0.0757400","0.0758500","74818"
1776838980000,"0.0763300","0.0783200","0.0758100","0.0773900","91438"
1776839040000,"0.0773800","0.0783500","0.0768900","0.0781900","63561"
1776839100000,"0.0782000","0.0796000","0.0778900","0.0778900","26389"
1776839160000,"0.0789900","0.0806500","0.0789900","0.0799900","29006"
1776839220000,"0.0806100","0.0846300","0.0806100","0.0823600","330089"
1776839280000,"0.0823700","0.0823700","0.0809900","0.0820800","34349"
1776839340000,"0.0819200","0.0822100","0.0811100","0.0821800","65761"
1776839400000,"0.0823200","0.0826900","0.0817300","0.0819300","114316"
1776839460000,"0.0819700","0.0819700","0.0803500","0.0817200","18635"
1776839520000,"0.0814600","0.0814600","0.0803000","0.0805800","19258"
1776839580000,"0.0805600","0.0805600","0.0790300","0.0805500","74039"
1776839640000,"0.0796600","0.0803300","0.0795400","0.0801000","8043"
1776839700000,"0.0796600","0.0796600","0.0790000","0.0795000","17553"
1776839760000,"0.0797600","0.0809600","0.0791600","0.0791600","18601"
1776839820000,"0.0798000","0.0802700","0.0789900","0.0789900","25887"
1776839880000,"0.0796600","0.0796800","0.0786300","0.0786300","26344"
1776839940000,"0.0796600","0.0798700","0.0793500","0.0798600","21851"
1776840000000,"0.0794700","0.0794900","0.0776000","0.0776200","21958"
1776840060000,"0.0783300","0.0785000","0.0781000","0.0785000","43759"
1776840120000,"0.0784400","0.0785300","0.0781500","0.0781600","34871"
1776840180000,"0.0784000","0.0784000","0.0784000","0.0784000","4692"
1776840240000,"0.0779200","0.0785200","0.0779200","0.0783400","36561"
1776840300000,"0.0784000","0.0789700","0.0783300","0.0787900","39455"
1776840360000,"0.0784700","0.0796600","0.0784700","0.0789900","18966"
1776840420000,"0.0784300","0.0784300","0.0768300","0.0768300","26221"
1776840480000,"0.0776600","0.0777700","0.0774900","0.0774900","35115"
1776840540000,"0.0772300","0.0772300","0.0772300","0.0772300","1178"
1776840600000,"0.0780300","0.0787100","0.0780300","0.0785500","8383"
1776840660000,"0.0789900","0.0789900","0.0780700","0.0780700","57189"
1776840720000,"0.0780700","0.0780700","0.0780700","0.0780700","0"
1776840780000,"0.0783900","0.0788100","0.0782900","0.0786900","2266"
1776840840000,"0.0789900","0.0793200","0.0786600","0.0792400","10042"
1776840900000,"0.0795700","0.0795800","0.0795700","0.0795800","1323"
1776840960000,"0.0790900","0.0790900","0.0783300","0.0783300","6011"
1776841020000,"0.0776600","0.0776600","0.0768300","0.0768300","3674"
1776841080000,"0.0763300","0.0772100","0.0763300","0.0772100","2773"
1776841140000,"0.0776600","0.0779900","0.0776600","0.0779900","45558"
1776841200000,"0.0778000","0.0783500","0.0778000","0.0783500","64398"
1776841260000,"0.0780000","0.0780000","0.0780000","0.0780000","846"
1776841320000,"0.0776600","0.0782900","0.0773300","0.0782900","27410"
1776841380000,"0.0783300","0.0792400","0.0780900","0.0781000","66155"
1776841440000,"0.0780600","0.0786700","0.0778700","0.0786700","50446"
1776841500000,"0.0786700","0.0797600","0.0786700","0.0791700","68669"
1776841560000,"0.0790000","0.0791100","0.0789500","0.0789500","36896"
1776841620000,"0.0783300","0.0784400","0.0781900","0.0784400","20535"
1776841680000,"0.0784400","0.0784400","0.0784400","0.0784400","0"
1776841740000,"0.0787600","0.0787600","0.0787600","0.0787600","2096"
1776841800000,"0.0789900","0.0816600","0.0789900","0.0803300","86489"
1776841860000,"0.0796600","0.0800500","0.0796600","0.0796700","52050"
1776841920000,"0.0801000","0.0813700","0.0801000","0.0807600","14473"
1776841980000,"0.0808300","0.0813700","0.0808300","0.0813300","39974"
1776842040000,"0.0806600","0.0806900","0.0804700","0.0804700","6453"
1776842100000,"0.0807200","0.0816600","0.0804300","0.0816100","10285"
1776842160000,"0.0819600","0.0820700","0.0802000","0.0802000","13656"
1776842220000,"0.0804900","0.0814700","0.0804900","0.0814600","25336"
1776842280000,"0.0808600","0.0808600","0.0804400","0.0805200","12731"
1776842340000,"0.0803300","0.0803300","0.0787700","0.0788900","23481"
1776842400000,"0.0787500","0.0795600","0.0786000","0.0794900","72718"
1776842460000,"0.0793900","0.0793900","0.0777300","0.0787300","87492"
1776842520000,"0.0781600","0.0784300","0.0774500","0.0778700","92048"
1776842580000,"0.0778700","0.0778700","0.0771000","0.0773500","25397"
1776842640000,"0.0777400","0.0777400","0.0777400","0.0777400","100"
1776842700000,"0.0780500","0.0783300","0.0779200","0.0781500","136395"
1776842760000,"0.0785000","0.0785000","0.0784700","0.0784700","1978"
1776842820000,"0.0785000","0.0785900","0.0782900","0.0784900","53085"
1776842880000,"0.0788900","0.0788900","0.0766900","0.0768700","122598"
1776842940000,"0.0770000","0.0782500","0.0768500","0.0782500","80254"
1776843000000,"0.0783300","0.0805700","0.0779100","0.0787200","32804"
1776843060000,"0.0788700","0.0788700","0.0780000","0.0780700","24561"
1776843120000,"0.0784000","0.0784000","0.0778600","0.0778600","11354"
1776843180000,"0.0787000","0.0787000","0.0781800","0.0784600","9377"
1776843240000,"0.0778600","0.0788700","0.0778600","0.0788700","3202"
1776843300000,"0.0785800","0.0791300","0.0785200","0.0791300","34549"
1776843360000,"0.0787400","0.0787400","0.0784900","0.0784900","2291"
1776843420000,"0.0783300","0.0789900","0.0782800","0.0789900","24149"
1776843480000,"0.0791600","0.0796600","0.0790000","0.0792000","46368"
1776843540000,"0.0793400","0.0793600","0.0785400","0.0789100","30316"
1776843600000,"0.0790100","0.0791500","0.0790100","0.0791000","32904"
1776843660000,"0.0791000","0.0791000","0.0791000","0.0791000","0"
1776843720000,"0.0796600","0.0797000","0.0796400","0.0796600","21412"
1776843780000,"0.0792100","0.0792800","0.0792100","0.0792800","7662"
1776843840000,"0.0794100","0.0794100","0.0783300","0.0783300","9987"
1776843900000,"0.0789900","0.0789900","0.0783300","0.0783300","21022"
1776843960000,"0.0786000","0.0805500","0.0786000","0.0804600","8011"
1776844020000,"0.0800900","0.0809100","0.0798300","0.0799900","30139"
1776844080000,"0.0799400","0.0801600","0.0796600","0.0798500","7965"
1776844140000,"0.0798700","0.0802500","0.0796800","0.0796900","4983"
1776844200000,"0.0795000","0.0795000","0.0795000","0.0795000","242"
1776844260000,"0.0801400","0.0809400","0.0801400","0.0806900","13623"
1776844320000,"0.0809000","0.0825000","0.0805900","0.0825000","62961"
1776844380000,"0.0824900","0.0860000","0.0824900","0.0850100","241180"
1776844440000,"0.0850500","0.0864500","0.0849300","0.0849300","48598"
1776844500000,"0.0849100","0.0859500","0.0843300","0.0858900","76728"
1776844560000,"0.0861000","0.0861500","0.0855600","0.0859200","139769"
1776844620000,"0.0859100","0.0860900","0.0848400","0.0850300","72442"
1776844680000,"0.0852800","0.0861000","0.0851600","0.0853800","72557"
1776844740000,"0.0850200","0.0854300","0.0846400","0.0854000","59502"
1776844800000,"0.0855700","0.0860800","0.0854600","0.0857900","60796"
1776844860000,"0.0867500","0.0867500","0.0838200","0.0838700","183605"
1776844920000,"0.0833700","0.0837500","0.0827200","0.0832000","111627"
1776844980000,"0.0838200","0.0838300","0.0822100","0.0831800","70939"
1776845040000,"0.0827900","0.0839600","0.0826000","0.0833500","63051"
1776845100000,"0.0829600","0.0834600","0.0828800","0.0834000","34990"
1776845160000,"0.0828500","0.0834200","0.0828500","0.0831900","47035"
1776845220000,"0.0831300","0.0831400","0.0829200","0.0829200","13376"
1776845280000,"0.0827000","0.0833100","0.0827000","0.0829300","82982"
1776845340000,"0.0827100","0.0827100","0.0819200","0.0825100","20661"
1776845400000,"0.0830000","0.0830800","0.0830000","0.0830800","1803"
1776845460000,"0.0826700","0.0830800","0.0825300","0.0825300","17922"
1776845520000,"0.0831900","0.0831900","0.0825900","0.0828500","41894"
1776845580000,"0.0825000","0.0827200","0.0820300","0.0820300","63149"
1776845640000,"0.0822000","0.0824400","0.0821700","0.0823200","10746"
1776845700000,"0.0822800","0.0822800","0.0819700","0.0819700","25564"
1776845760000,"0.0824300","0.0833000","0.0824300","0.0833000","38890"
1776845820000,"0.0831100","0.0834700","0.0831100","0.0832000","20211"
1776845880000,"0.0830500","0.0839600","0.0827400","0.0835900","53768"
1776845940000,"0.0840100","0.0845500","0.0838200","0.0838800","13099"
1776846000000,"0.0838800","0.0844300","0.0835400","0.0844300","14934"
1776846060000,"0.0842400","0.0842400","0.0836100","0.0836400","17752"
1776846120000,"0.0835900","0.0839100","0.0830200","0.0832900","31106"
1776846180000,"0.0833800","0.0836000","0.0829500","0.0836000","28522"
1776846240000,"0.0835700","0.0844700","0.0835300","0.0844700","12033"
1776846300000,"0.0843700","0.0845000","0.0834700","0.0834700","10888"
1776846360000,"0.0835800","0.0843500","0.0835800","0.0842500","9590"
1776846420000,"0.0843200","0.0869300","0.0843200","0.0865500","35404"
1776846480000,"0.0861600","0.0885800","0.0861200","0.0885800","49888"
1776846540000,"0.0881000","0.0889600","0.0871300","0.0874200","30159"
1776846600000,"0.0873300","0.0873600","0.0860400","0.0860400","36220"
1776846660000,"0.0865600","0.0868400","0.0837800","0.0861400","867100"
1776846720000,"0.0857600","0.0873100","0.0857600","0.0873100","39785"
1776846780000,"0.0860400","0.0863500","0.0850500","0.0856300","196983"
1776846840000,"0.0855200","0.0864400","0.0855200","0.0864400","27322"
1776846900000,"0.0865200","0.0882000","0.0865100","0.0878000","32905"
1776846960000,"0.0868500","0.0875900","0.0864500","0.0875600","31593"
1776847020000,"0.0872800","0.0892900","0.0867400","0.0867400","198949"
1776847080000,"0.0870000","0.0878700","0.0870000","0.0877400","7461"
1776847140000,"0.0877600","0.0885200","0.0877000","0.0877700","34925"
1776847200000,"0.0876300","0.0880500","0.0874600","0.0877800","15732"
1776847260000,"0.0877000","0.0879500","0.0869700","0.0874000","127879"
1776847320000,"0.0873700","0.0873700","0.0863300","0.0867500","57252"
1776847380000,"0.0865700","0.0869500","0.0857800","0.0857800","81065"
1776847440000,"0.0857900","0.0863400","0.0856300","0.0862200","25985"
1776847500000,"0.0862500","0.0872000","0.0862500","0.0871100","55695"
1776847560000,"0.0870700","0.0872000","0.0855900","0.0863100","45725"
1776847620000,"0.0863200","0.0868000","0.0859100","0.0868000","46537"
1776847680000,"0.0876300","0.0876300","0.0869400","0.0871000","15665"
1776847740000,"0.0873800","0.0873900","0.0860700","0.0863400","31764"
1776847800000,"0.0863300","0.0863300","0.0831700","0.0844100","133613"
1776847860000,"0.0842900","0.0854600","0.0842900","0.0849300","89914"
1776847920000,"0.0847700","0.0851800","0.0842200","0.0849000","70931"
1776847980000,"0.0842600","0.0847100","0.0833500","0.0834500","29728"
1776848040000,"0.0834700","0.0840900","0.0828700","0.0835000","110060"
1776848100000,"0.0834500","0.0834500","0.0832100","0.0832100","1512"
1776848160000,"0.0835500","0.0835500","0.0835100","0.0835100","5603"
1776848220000,"0.0836500","0.0842900","0.0836500","0.0842900","49202"
1776848280000,"0.0842500","0.0847800","0.0842500","0.0847600","5550"
1776848340000,"0.0849000","0.0854400","0.0846800","0.0847600","21784"
1776848400000,"0.0846100","0.0846100","0.0839700","0.0840400","27394"
1776848460000,"0.0847400","0.0848000","0.0846500","0.0847400","24053"
1776848520000,"0.0844200","0.0846300","0.0840600","0.0840600","20229"
1776848580000,"0.0839100","0.0839100","0.0836600","0.0837800","24879"
1776848640000,"0.0835200","0.0835200","0.0819800","0.0822200","30281"
1776848700000,"0.0825700","0.0831600","0.0825700","0.0831600","14300"
1776848760000,"0.0830800","0.0835500","0.0830800","0.0833200","4236"
1776848820000,"0.0835800","0.0837200","0.0830300","0.0830600","53451"
1776848880000,"0.0835600","0.0839100","0.0835600","0.0839100","14835"
1776848940000,"0.0836700","0.0837400","0.0836700","0.0837200","20293"
1776849000000,"0.0838300","0.0840800","0.0838300","0.0840800","16166"
1776849060000,"0.0849500","0.0858400","0.0847600","0.0850100","87037"
1776849120000,"0.0851200","0.0851200","0.0845100","0.0845100","49717"
1776849180000,"0.0845000","0.0845000","0.0842600","0.0842600","26758"
1776849240000,"0.0847600","0.0848000","0.0847600","0.0848000","7261"
1776849300000,"0.0844100","0.0844400","0.0836200","0.0836800","7138"
1776849360000,"0.0828000","0.0828000","0.0788800","0.0791700","185441"
1776849420000,"0.0787900","0.0795200","0.0740600","0.0781900","767594"
1776849480000,"0.0782900","0.0788700","0.0779300","0.0782900","125483"
1776849540000,"0.0787000","0.0788900","0.0782500","0.0788600","15209"
1776849600000,"0.0790300","0.0790300","0.0790300","0.0790300","355"
1776849660000,"0.0789500","0.0789500","0.0784400","0.0784400","10299"
1776849720000,"0.0778500","0.0781600","0.0771200","0.0771200","20718"
1776849780000,"0.0767200","0.0776000","0.0752000","0.0771400","144692"
1776849840000,"0.0773500","0.0775300","0.0773500","0.0775300","17897"
1776849900000,"0.0777900","0.0782100","0.0774900","0.0779000","35458"
1776849960000,"0.0774600","0.0781000","0.0771600","0.0779800","12938"
1776850020000,"0.0785400","0.0786200","0.0780300","0.0780300","7110"
1776850080000,"0.0788000","0.0794400","0.0788000","0.0792700","104193"
1776850140000,"0.0786800","0.0786800","0.0784100","0.0784800","9779"
1776850200000,"0.0782700","0.0785900","0.0782600","0.0785900","9465"
1776850260000,"0.0786400","0.0792100","0.0786400","0.0792100","8978"
1776850320000,"0.0793900","0.0793900","0.0787800","0.0790700","12118"
1776850380000,"0.0790100","0.0790100","0.0780500","0.0781800","24799"
1776850440000,"0.0784500","0.0789100","0.0784500","0.0789100","2458"
1776850500000,"0.0790500","0.0806100","0.0788900","0.0802800","74760"
1776850560000,"0.0801400","0.0810000","0.0801400","0.0806800","30888"
1776850620000,"0.0806900","0.0807200","0.0802700","0.0802700","10266"
1776850680000,"0.0797300","0.0797300","0.0791700","0.0791700","4706"
1776850740000,"0.0793300","0.0800700","0.0791100","0.0800700","5464"
1776850800000,"0.0799800","0.0799800","0.0790700","0.0790700","4176"
1776850860000,"0.0791700","0.0791700","0.0788000","0.0788000","7384"
1776850920000,"0.0786200","0.0793300","0.0784900","0.0784900","293770"
1776850980000,"0.0796000","0.0797800","0.0791700","0.0791700","16968"
1776851040000,"0.0793900","0.0795900","0.0793900","0.0794400","27461"
1776851100000,"0.0796500","0.0796500","0.0789800","0.0789800","11140"
1776851160000,"0.0787200","0.0787400","0.0786000","0.0786000","19529"
1776851220000,"0.0785000","0.0793100","0.0785000","0.0792400","5101"
1776851280000,"0.0796700","0.0808700","0.0796700","0.0806600","110154"
1776851340000,"0.0805900","0.0814400","0.0805900","0.0809600","1731"
1776851400000,"0.0800000","0.0802500","0.0800000","0.0801700","1444"
1776851460000,"0.0801400","0.0804600","0.0801400","0.0804600","7000"
1776851520000,"0.0804600","0.0812400","0.0804600","0.0809300","34456"
1776851580000,"0.0812700","0.0812700","0.0809000","0.0810900","48050"
1776851640000,"0.0800000","0.0800200","0.0795800","0.0795800","47494"
1776851700000,"0.0799600","0.0799600","0.0798800","0.0799200","92731"
1776851760000,"0.0802400","0.0803200","0.0801600","0.0801600","11729"
1776851820000,"0.0796100","0.0798000","0.0796100","0.0798000","652"
1776851880000,"0.0795200","0.0796100","0.0794800","0.0794800","33214"
1776851940000,"0.0794800","0.0794800","0.0794800","0.0794800","0"
1776852000000,"0.0802400","0.0802400","0.0801800","0.0801800","2021"
1776852060000,"0.0808800","0.0808800","0.0806800","0.0808800","25750"
1776852120000,"0.0816100","0.0818900","0.0810800","0.0814000","30364"
1776852180000,"0.0809300","0.0809300","0.0809000","0.0809000","60957"
1776852240000,"0.0807900","0.0807900","0.0807900","0.0807900","103"
1776852300000,"0.0808200","0.0808200","0.0808100","0.0808100","9436"
1776852360000,"0.0808100","0.0808100","0.0808100","0.0808100","0"
1776852420000,"0.0810700","0.0811300","0.0810700","0.0811300","7112"
1776852480000,"0.0811300","0.0811500","0.0811100","0.0811500","8086"
1776852540000,"0.0811500","0.0813000","0.0811500","0.0813000","7574"
1776852600000,"0.0808100","0.0808400","0.0802800","0.0802800","8090"
1776852660000,"0.0794900","0.0796400","0.0793500","0.0793500","25043"
1776852720000,"0.0800700","0.0800700","0.0800700","0.0800700","73"
1776852780000,"0.0804000","0.0804000","0.0802900","0.0802900","20220"
1776852840000,"0.0809100","0.0816800","0.0808100","0.0816700","68540"
1776852900000,"0.0816700","0.0816700","0.0816700","0.0816700","3524"
1776852960000,"0.0814700","0.0840700","0.0814700","0.0836700","129829"
1776853020000,"0.0834200","0.0841600","0.0831800","0.0833800","71169"
1776853080000,"0.0835500","0.0835600","0.0827900","0.0828900","58579"
1776853140000,"0.0831700","0.0831700","0.0825800","0.0825800","27846"
1776853200000,"0.0830500","0.0832400","0.0829300","0.0829300","26690"
1776853260000,"0.0829300","0.0829300","0.0829300","0.0829300","0"
1776853320000,"0.0831400","0.0831400","0.0826100","0.0826100","3025"
1776853380000,"0.0830000","0.0830100","0.0829000","0.0830100","50086"
1776853440000,"0.0827800","0.0828200","0.0824700","0.0827500","24357"
1776853500000,"0.0829000","0.0829000","0.0829000","0.0829000","7376"
1776853560000,"0.0829000","0.0830200","0.0829000","0.0830000","20379"
1776853620000,"0.0832100","0.0839600","0.0832100","0.0837700","72245"
1776853680000,"0.0834000","0.0834000","0.0829400","0.0829400","26383"
1776853740000,"0.0825300","0.0825300","0.0825300","0.0825300","604"
1776853800000,"0.0823500","0.0833200","0.0823100","0.0828400","37895"
1776853860000,"0.0828400","0.0828400","0.0828400","0.0828400","0"
1776853920000,"0.0832300","0.0838300","0.0832300","0.0838300","5479"
1776853980000,"0.0839000","0.0847600","0.0839000","0.0844400","48449"
1776854040000,"0.0841600","0.0841600","0.0841600","0.0841600","592"
1776854100000,"0.0841600","0.0841600","0.0841600","0.0841600","0"
1776854160000,"0.0841600","0.0841600","0.0841600","0.0841600","0"
1776854220000,"0.0840200","0.0843300","0.0840200","0.0842600","20450"
1776854280000,"0.0842600","0.0842600","0.0842600","0.0842600","0"
1776854340000,"0.0837600","0.0837600","0.0835100","0.0835100","55782"
1776854400000,"0.0835100","0.0835100","0.0835100","0.0835100","0"
1776854460000,"0.0826600","0.0826900","0.0826600","0.0826900","1512"
1776854520000,"0.0830000","0.0831400","0.0830000","0.0830900","5486"
1776854580000,"0.0828400","0.0828400","0.0825800","0.0825800","3115"
1776854640000,"0.0829300","0.0829300","0.0829300","0.0829300","4743"
1776854700000,"0.0825300","0.0825300","0.0824900","0.0824900","23266"
1776854760000,"0.0824900","0.0824900","0.0824900","0.0824900","0"
1776854820000,"0.0828500","0.0828500","0.0828500","0.0828500","2024"
1776854880000,"0.0827000","0.0827000","0.0827000","0.0827000","2414"
1776854940000,"0.0828500","0.0828500","0.0828500","0.0828500","1200"
1776855000000,"0.0835300","0.0848200","0.0833600","0.0848200","20610"
1776855060000,"0.0846000","0.0854400","0.0843000","0.0843000","89105"
1776855120000,"0.0846000","0.0847700","0.0844300","0.0844300","45507"
1776855180000,"0.0841000","0.0841100","0.0841000","0.0841100","1791"
1776855240000,"0.0847700","0.0859100","0.0842300","0.0851700","70087"
1776855300000,"0.0849700","0.0849700","0.0849400","0.0849400","15460"
1776855360000,"0.0853000","0.0853000","0.0853000","0.0853000","8054"
1776855420000,"0.0850800","0.0850800","0.0850800","0.0850800","422"
1776855480000,"0.0849400","0.0849400","0.0847700","0.0847700","1588"
1776855540000,"0.0848400","0.0848800","0.0848400","0.0848800","984"
1776855600000,"0.0850000","0.0855600","0.0850000","0.0855600","13307"
1776855660000,"0.0848600","0.0848600","0.0847800","0.0847800","1397"
1776855720000,"0.0848800","0.0854600","0.0847100","0.0852000","45748"
1776855780000,"0.0855100","0.0873500","0.0855100","0.0865600","211559"
1776855840000,"0.0867500","0.0874000","0.0867500","0.0874000","54510"
1776855900000,"0.0872500","0.0875900","0.0872500","0.0875900","26134"
1776855960000,"0.0875000","0.0875000","0.0872700","0.0872700","642"
1776856020000,"0.0869900","0.0871200","0.0869200","0.0871100","4984"
1776856080000,"0.0871100","0.0871100","0.0871100","0.0871100","0"
1776856140000,"0.0871000","0.0871000","0.0855800","0.0855800","32375"
1776856200000,"0.0864200","0.0868800","0.0864200","0.0868800","2742"
1776856260000,"0.0866900","0.0866900","0.0843600","0.0843600","19991"
1776856320000,"0.0846000","0.0852300","0.0844000","0.0852300","28457"
1776856380000,"0.0851800","0.0857900","0.0851800","0.0857200","8362"
1776856440000,"0.0857000","0.0858400","0.0855600","0.0858400","2764"
1776856500000,"0.0853700","0.0862500","0.0853700","0.0861100","20020"
1776856560000,"0.0862300","0.0887400","0.0862300","0.0883000","145052"
1776856620000,"0.0882400","0.0888800","0.0882400","0.0887500","71882"
1776856680000,"0.0888100","0.0888800","0.0885200","0.0888800","13440"
1776856740000,"0.0890000","0.0907400","0.0885800","0.0891300","179095"
1776856800000,"0.0889900","0.0901500","0.0886200","0.0887200","27282"
1776856860000,"0.0883700","0.0886800","0.0874200","0.0886800","61830"
1776856920000,"0.0886200","0.0891500","0.0882300","0.0888800","42619"
1776856980000,"0.0892000","0.0907900","0.0892000","0.0906000","135437"
1776857040000,"0.0908000","0.0915700","0.0906900","0.0912700","102766"
1776857100000,"0.0913200","0.0920000","0.0913200","0.0917500","60287"
1776857160000,"0.0922000","0.0924300","0.0913700","0.0913700","31095"
1776857220000,"0.0919800","0.0922600","0.0915400","0.0918800","61724"
1776857280000,"0.0918800","0.0932600","0.0918800","0.0927600","177593"
1776857340000,"0.0929500","0.0929500","0.0915000","0.0919100","10460"
1776857400000,"0.0921900","0.0923700","0.0921900","0.0923700","20902"
1776857460000,"0.0921500","0.0940000","0.0921500","0.0932800","84063"
1776857520000,"0.0932300","0.0945000","0.0930800","0.0934900","151658"
1776857580000,"0.0932000","0.0932000","0.0903500","0.0917900","90576"
1776857640000,"0.0916600","0.0936500","0.0915800","0.0936500","41177"
1776857700000,"0.0936000","0.0960000","0.0936000","0.0952100","171192"
1776857760000,"0.0954500","0.0966600","0.0948200","0.0963200","78123"
1776857820000,"0.0966600","0.0966600","0.0955000","0.0961000","73253"
1776857880000,"0.0958400","0.0961600","0.0947100","0.0951100","48930"
1776857940000,"0.0950000","0.0955700","0.0945900","0.0952900","74925"
1776858000000,"0.0944000","0.0960000","0.0941900","0.0952500","23217"
1776858060000,"0.0950000","0.0953500","0.0942900","0.0942900","42320"
1776858120000,"0.0947300","0.0948800","0.0943100","0.0943300","56610"
1776858180000,"0.0947600","0.0948300","0.0930000","0.0943800","64712"
1776858240000,"0.0942400","0.0954200","0.0942400","0.0950400","128996"
1776858300000,"0.0953000","0.0964800","0.0948900","0.0964800","85463"
1776858360000,"0.0970000","0.0977200","0.0947300","0.0952200","204781"
1776858420000,"0.0948500","0.0950200","0.0942700","0.0950100","59481"
1776858480000,"0.0946300","0.0946300","0.0925100","0.0925100","57758"
1776858540000,"0.0928800","0.0942500","0.0928800","0.0930200","28482"
1776858600000,"0.0931700","0.0932700","0.0913700","0.0913700","72445"
1776858660000,"0.0917900","0.0930000","0.0917800","0.0930000","27691"
1776858720000,"0.0936500","0.0940000","0.0936500","0.0940000","25888"
1776858780000,"0.0940100","0.0950000","0.0934500","0.0941800","49906"
1776858840000,"0.0940000","0.0940000","0.0937500","0.0938800","32256"
1776858900000,"0.0938800","0.0940300","0.0938800","0.0940300","6198"
1776858960000,"0.0940800","0.0942300","0.0939800","0.0942300","42881"
1776859020000,"0.0942800","0.0944200","0.0939800","0.0943900","19552"
1776859080000,"0.0946200","0.0946200","0.0942700","0.0943300","14767"
1776859140000,"0.0946900","0.0946900","0.0940900","0.0942200","7840"
1776859200000,"0.0940700","0.0940700","0.0930000","0.0936300","51337"
1776859260000,"0.0946900","0.0954300","0.0945100","0.0945100","40380"
1776859320000,"0.0945700","0.0951700","0.0943500","0.0943500","70144"
1776859380000,"0.0951700","0.0977500","0.0949500","0.0964600","160060"
1776859440000,"0.0964600","0.0971300","0.0963400","0.0970300","141818"
1776859500000,"0.0975500","0.0975500","0.0967800","0.0972300","2384"
1776859560000,"0.0967900","0.0968300","0.0957800","0.0966400","80977"
1776859620000,"0.0958000","0.0961500","0.0952700","0.0961500","27334"
1776859680000,"0.0958500","0.0963000","0.0955000","0.0960200","27109"
1776859740000,"0.0965900","0.0966000","0.0945800","0.0945800","42377"
1776859800000,"0.0941000","0.0951900","0.0941000","0.0951900","58023"
1776859860000,"0.0955100","0.0957000","0.0955100","0.0957000","4370"
1776859920000,"0.0958600","0.0968000","0.0958600","0.0965500","35823"
1776859980000,"0.0963700","0.0966300","0.0957100","0.0966300","30172"
1776860040000,"0.0963100","0.0964500","0.0957200","0.0957200","8080"
1776860100000,"0.0973200","0.0992000","0.0973200","0.0991900","284380"
1776860160000,"0.0995500","0.1004300","0.0985000","0.0988100","142458"
1776860220000,"0.0992000","0.1013600","0.0989700","0.0995600","160541"
1776860280000,"0.0990900","0.1003500","0.0988500","0.1003500","56103"
1776860340000,"0.1002000","0.1030000","0.0995500","0.1030000","172733"
1776860400000,"0.1041300","0.1043700","0.1018000","0.1018000","122426"
1776860460000,"0.1022500","0.1037300","0.1022500","0.1030900","182925"
1776860520000,"0.1031700","0.1056200","0.1031300","0.1052600","232103"
1776860580000,"0.1056200","0.1060800","0.1049300","0.1055700","165423"
1776860640000,"0.1059100","0.1082000","0.1059100","0.1061900","118374"
1776860700000,"0.1063300","0.1078900","0.1062000","0.1078900","96702"
1776860760000,"0.1079900","0.1083400","0.1067900","0.1072200","37197"
1776860820000,"0.1068800","0.1070300","0.1049300","0.1053200","270128"
1776860880000,"0.1057400","0.1058700","0.1048400","0.1050900","57579"
1776860940000,"0.1050800","0.1055700","0.1032700","0.1034800","89783"
1776861000000,"0.1031800","0.1041700","0.1023800","0.1038400","73639"
1776861060000,"0.1041400","0.1055900","0.1041300","0.1055900","103989"
1776861120000,"0.1062800","0.1070100","0.1059500","0.1061700","18166"
1776861180000,"0.1059500","0.1066900","0.1054600","0.1064000","28785"
1776861240000,"0.1059900","0.1090000","0.1059900","0.1080500","61687"
1776861300000,"0.1084300","0.1086000","0.1070500","0.1076100","24524"
1776861360000,"0.1074700","0.1075100","0.1057500","0.1066500","49213"
1776861420000,"0.1063000","0.1077300","0.1060400","0.1077200","78509"
1776861480000,"0.1076000","0.1116000","0.1076000","0.1100600","95432"
1776861540000,"0.1093100","0.1117900","0.1093100","0.1108500","78992"
1776861600000,"0.1102600","0.1127500","0.1100100","0.1125000","49123"
1776861660000,"0.1122500","0.1150500","0.1122000","0.1148400","128506"
1776861720000,"0.1145700","0.1175100","0.1145100","0.1172500","127541"
1776861780000,"0.1155200","0.1160900","0.1151400","0.1154700","145430"
1776861840000,"0.1145000","0.1159900","0.1143700","0.1157600","146701"
1776861900000,"0.1168100","0.1190700","0.1140000","0.1166700","270694"
1776861960000,"0.1175300","0.1185200","0.1155000","0.1170000","21318"
1776862020000,"0.1155000","0.1165900","0.1147500","0.1147500","127162"
1776862080000,"0.1145200","0.1148700","0.1113600","0.1133800","250020"
1776862140000,"0.1132500","0.1147500","0.1132500","0.1142100","56957"
1776862200000,"0.1130000","0.1130100","0.1077400","0.1094800","274692"
1776862260000,"0.1099700","0.1107500","0.1065700","0.1074800","197184"
1776862320000,"0.1075300","0.1098900","0.1075300","0.1098900","88129"
1776862380000,"0.1096500","0.1113400","0.1095000","0.1107900","74245"
1776862440000,"0.1105300","0.1140000","0.1105300","0.1140000","9964"
1776862500000,"0.1131300","0.1154700","0.1129900","0.1145900","44944"
1776862560000,"0.1135400","0.1143800","0.1125000","0.1127300","10542"
1776862620000,"0.1125500","0.1125700","0.1109900","0.1111500","29497"
1776862680000,"0.1105000","0.1105000","0.1082900","0.1085400","115354"
1776862740000,"0.1087200","0.1104000","0.1082700","0.1102800","81997"
1776862800000,"0.1110000","0.1113300","0.1044100","0.1071000","113061"
1776862860000,"0.1066300","0.1079300","0.1066300","0.1073200","115999"
1776862920000,"0.1072200","0.1087500","0.1072200","0.1083300","20357"
1776862980000,"0.1083600","0.1090400","0.1071700","0.1071700","81653"
1776863040000,"0.1075500","0.1090000","0.1071300","0.1086600","130194"
1776863100000,"0.1088500","0.1104600","0.1072200","0.1079300","26306"
1776863160000,"0.1076600","0.1080300","0.1070100","0.1070100","14954"
1776863220000,"0.1068100","0.1068100","0.1049600","0.1058700","55687"
1776863280000,"0.1058600","0.1067200","0.1058600","0.1067200","10224"
1776863340000,"0.1070000","0.1084600","0.1070000","0.1077100","19078"
1776863400000,"0.1073700","0.1084600","0.1073700","0.1084600","94416"
1776863460000,"0.1079600","0.1082900","0.1076400","0.1076400","66662"
1776863520000,"0.1076300","0.1105900","0.1073600","0.1105900","120261"
1776863580000,"0.1110000","0.1147100","0.1108900","0.1133200","110181"
1776863640000,"0.1134300","0.1149400","0.1127500","0.1130200","103044"
1776863700000,"0.1131300","0.1168600","0.1131300","0.1154000","92815"
1776863760000,"0.1149200","0.1170000","0.1149200","0.1153800","32559"
1776863820000,"0.1152300","0.1152300","0.1119700","0.1120000","113291"
1776863880000,"0.1119500","0.1131700","0.1104100","0.1119800","149005"
1776863940000,"0.1114100","0.1114600","0.1107100","0.1113600","9146"
1776864000000,"0.1125000","0.1125000","0.1092000","0.1100300","8270"
1776864060000,"0.1088000","0.1092900","0.1080000","0.1083000","45102"
1776864120000,"0.1076000","0.1086700","0.1065000","0.1085200","150060"
1776864180000,"0.1090800","0.1099300","0.1081100","0.1081100","122365"
1776864240000,"0.1089700","0.1099800","0.1087300","0.1099800","45036"
1776864300000,"0.1104700","0.1104700","0.1096900","0.1096900","1889"
1776864360000,"0.1099300","0.1121300","0.1093900","0.1114300","70350"
1776864420000,"0.1111400","0.1111400","0.1091700","0.1093100","193348"
1776864480000,"0.1083900","0.1086900","0.1075900","0.1075900","120467"
1776864540000,"0.1083200","0.1091500","0.1083200","0.1087300","25361"
1776864600000,"0.1091300","0.1096900","0.1079800","0.1079800","20762"
1776864660000,"0.1075100","0.1099400","0.1070400","0.1091900","18946"
1776864720000,"0.1085900","0.1094500","0.1085900","0.1091700","10518"
1776864780000,"0.1099700","0.1115600","0.1090800","0.1090800","13767"
1776864840000,"0.1086500","0.1106800","0.1086100","0.1101500","23621"
1776864900000,"0.1096300","0.1100300","0.1092700","0.1100300","3370"
1776864960000,"0.1096900","0.1098600","0.1088200","0.1092100","14753"
1776865020000,"0.1091200","0.1096700","0.1080000","0.1093200","28788"
1776865080000,"0.1091900","0.1091900","0.1086900","0.1089800","42231"
1776865140000,"0.1085400","0.1098100","0.1085400","0.1087700","23959"
1776865200000,"0.1090500","0.1093300","0.1083500","0.1083500","17641"
1776865260000,"0.1080000","0.1080000","0.1022300","0.1050100","186822"
1776865320000,"0.1044100","0.1044100","0.1012000","0.1016000","95340"
1776865380000,"0.1010500","0.1026200","0.0974800","0.0993000","412075"
1776865440000,"0.0994900","0.1003900","0.0987900","0.0997900","180635"
1776865500000,"0.1014000","0.1017800","0.0977000","0.1006400","142807"
1776865560000,"0.1007700","0.1017500","0.1000200","0.1007400","23621"
1776865620000,"0.1013700","0.1028300","0.1013700","0.1024300","53808"
1776865680000,"0.1030300","0.1034600","0.1023300","0.1023700","53249"
1776865740000,"0.1022900","0.1035000","0.1022500","0.1028300","391257"
1776865800000,"0.1028300","0.1033300","0.1019800","0.1027400","231345"
1776865860000,"0.1028500","0.1029300","0.1002900","0.1011100","123988"
1776865920000,"0.1012000","0.1026000","0.1010200","0.1018600","114848"
1776865980000,"0.1020000","0.1024900","0.0920000","0.1001600","123109"
1776866040000,"0.0991100","0.1004900","0.0988100","0.0996500","136412"
1776866100000,"0.0996400","0.0996400","0.0918000","0.0945200","815736"
1776866160000,"0.0946100","0.0969100","0.0935800","0.0964000","446865"
1776866220000,"0.0964700","0.0966900","0.0937200","0.0949700","364247"
1776866280000,"0.0949800","0.0952300","0.0931200","0.0936600","206404"
1776866340000,"0.0936700","0.0963100","0.0934300","0.0959400","180820"
1776866400000,"0.0960100","0.0976500","0.0952200","0.0975100","52393"
1776866460000,"0.0980000","0.0993200","0.0972400","0.0987300","58012"
1776866520000,"0.0988000","0.1004700","0.0982900","0.1000000","79968"
1776866580000,"0.0999800","0.1008100","0.0991400","0.1008100","81000"
1776866640000,"0.1009600","0.1023500","0.1004600","0.1018800","31339"
1776866700000,"0.1011900","0.1024800","0.1009300","0.1019600","65486"
1776866760000,"0.1013700","0.1016400","0.1002000","0.1009100","21002"
1776866820000,"0.1009400","0.1026100","0.1009400","0.1022300","32178"
1776866880000,"0.1025100","0.1051300","0.1025100","0.1039300","95500"
1776866940000,"0.1040600","0.1047100","0.1034500","0.1043800","87398"
1776867000000,"0.1045600","0.1054400","0.1040500","0.1045500","12349"
1776867060000,"0.1038300","0.1041200","0.1030500","0.1030500","143096"
1776867120000,"0.1032300","0.1047200","0.1032300","0.1047200","86507"
1776867180000,"0.1044200","0.1059100","0.1044200","0.1049200","107855"
1776867240000,"0.1042200","0.1051800","0.1038000","0.1051300","57026"
1776867300000,"0.1046200","0.1062600","0.1045000","0.1051000","103672"
1776867360000,"0.1051800","0.1058800","0.1047500","0.1051900","25073"
1776867420000,"0.1040000","0.1048400","0.1040000","0.1042300","87222"
1776867480000,"0.1039000","0.1039000","0.1033000","0.1038800","35883"
1776867540000,"0.1034100","0.1034800","0.1014100","0.1020900","108576"
1776867600000,"0.1025300","0.1025300","0.0985100","0.0999500","163389"
1776867660000,"0.0995300","0.1000100","0.0993600","0.0999900","90821"
1776867720000,"0.1002100","0.1016500","0.1000300","0.1009900","103225"
1776867780000,"0.1010500","0.1031700","0.1010500","0.1027300","142813"
1776867840000,"0.1025700","0.1029100","0.1015900","0.1022000","139510"
1776867900000,"0.1021100","0.1022800","0.1012300","0.1015500","67087"
1776867960000,"0.1013800","0.1022500","0.1013800","0.1017900","177342"
1776868020000,"0.1019700","0.1021300","0.0995100","0.0995500","229273"
1776868080000,"0.0988500","0.0988500","0.0974700","0.0984800","438148"
1776868140000,"0.0985500","0.0994600","0.0962000","0.0972000","443487"
1776868200000,"0.0971900","0.0984300","0.0962700","0.0984300","126940"
1776868260000,"0.0984400","0.0995800","0.0981800","0.0985500","450396"
1776868320000,"0.0985600","0.0997800","0.0985600","0.0994400","97460"
1776868380000,"0.0996400","0.0999000","0.0977500","0.0978800","117245"
1776868440000,"0.0981100","0.0981300","0.0955000","0.0955200","96019"
1776868500000,"0.0952900","0.0969900","0.0946000","0.0967900","119795"
1776868560000,"0.0967800","0.0996700","0.0967200","0.0994900","145542"
1776868620000,"0.0998100","0.1024000","0.0996600","0.1018100","284636"
1776868680000,"0.1013200","0.1020000","0.1003700","0.1017500","220169"
1776868740000,"0.1019300","0.1021600","0.1007400","0.1007400","122269"
1776868800000,"0.1008200","0.1022300","0.1007700","0.1016700","131599"
1776868860000,"0.1018000","0.1032100","0.1016400","0.1017100","153493"
1776868920000,"0.1018000","0.1018200","0.0996100","0.1006300","149986"
1776868980000,"0.1003300","0.1012700","0.0994800","0.1001300","156692"
1776869040000,"0.1002300","0.1014600","0.1000200","0.1011700","105815"
1776869100000,"0.1012800","0.1030000","0.1007500","0.1026700","117987"
1776869160000,"0.1027600","0.1035800","0.1019800","0.1029600","161024"
1776869220000,"0.1029600","0.1032300","0.1023800","0.1026800","104452"
1776869280000,"0.1025900","0.1027900","0.1013100","0.1017100","90388"
1776869340000,"0.1015100","0.1031100","0.1008500","0.1028200","116258"
1776869400000,"0.1029500","0.1030700","0.1016700","0.1025500","103709"
1776869460000,"0.1025000","0.1033900","0.1017800","0.1026300","124978"
1776869520000,"0.1026300","0.1029800","0.1024500","0.1028100","57542"
1776869580000,"0.1027600","0.1033000","0.1018700","0.1024900","73447"
1776869640000,"0.1025700","0.1034000","0.1025000","0.1034000","61216"
1776869700000,"0.1033100","0.1033100","0.1025400","0.1028000","49191"
1776869760000,"0.1026900","0.1052400","0.1022800","0.1047800","206054"
1776869820000,"0.1047800","0.1135000","0.1044400","0.1132600","370882"
1776869880000,"0.1123400","0.1125100","0.1103000","0.1107300","269489"
1776869940000,"0.1101100","0.1101100","0.1081700","0.1089900","110307"
1776870000000,"0.1088700","0.1114200","0.1080000","0.1112500","68120"
1776870060000,"0.1112300","0.1115300","0.1088600","0.1089100","93102"
1776870120000,"0.1087500","0.1103800","0.1087500","0.1090500","66569"
1776870180000,"0.1091200","0.1106300","0.1086900","0.1089700","97633"
1776870240000,"0.1090500","0.1091900","0.1026700","0.1075300","355986"
1776870300000,"0.1075100","0.1082900","0.1066900","0.1070000","112966"
1776870360000,"0.1071200","0.1080700","0.1060800","0.1080700","100618"
1776870420000,"0.1081300","0.1081500","0.1066300","0.1068800","150764"
1776870480000,"0.1068900","0.1078400","0.1062600","0.1077500","60595"
1776870540000,"0.1077400","0.1118400","0.1075300","0.1113700","106792"
1776870600000,"0.1111000","0.1166100","0.1111000","0.1144700","229236"
1776870660000,"0.1142300","0.1143400","0.1110100","0.1115900","175943"
1776870720000,"0.1115900","0.1129700","0.1098100","0.1124700","148972"
1776870780000,"0.1124900","0.1138700","0.1110000","0.1134500","126535"
1776870840000,"0.1138400","0.1138400","0.1120500","0.1128700","137161"
1776870900000,"0.1130300","0.1175800","0.1100000","0.1118800","281086"
1776870960000,"0.1119000","0.1123700","0.1096900","0.1111100","106542"
1776871020000,"0.1109400","0.1126200","0.1109400","0.1115300","187504"
1776871080000,"0.1115700","0.1119900","0.1102000","0.1108600","38444"
1776871140000,"0.1108800","0.1109000","0.1092400","0.1102500","189633"
1776871200000,"0.1101900","0.1114600","0.1101900","0.1108300","95624"
1776871260000,"0.1107500","0.1113100","0.1076000","0.1082500","115245"
1776871320000,"0.1083300","0.1102200","0.1083200","0.1102200","15112"
1776871380000,"0.1102500","0.1111100","0.1099800","0.1110500","91625"
1776871440000,"0.1111200","0.1111200","0.1102100","0.1102100","21941"
1776871500000,"0.1102300","0.1104600","0.1095000","0.1103400","9227"
1776871560000,"0.1102000","0.1122700","0.1102000","0.1122700","175370"
1776871620000,"0.1122700","0.1131700","0.1118400","0.1123000","126738"
1776871680000,"0.1122300","0.1122700","0.1114500","0.1119100","44328"
1776871740000,"0.1115000","0.1118500","0.1110700","0.1118400","35111"
1776871800000,"0.1118400","0.1146100","0.1118400","0.1141500","78974"
1776871860000,"0.1140900","0.1140900","0.1095000","0.1096300","69729"
1776871920000,"0.1093800","0.1101300","0.1012300","0.1046700","303064"
1776871980000,"0.1051500","0.1060700","0.1029800","0.1029800","98549"
1776872040000,"0.1041500","0.1047300","0.1039500","0.1047300","10447"
1776872100000,"0.1051100","0.1057500","0.1034600","0.1042100","61420"
1776872160000,"0.1044500","0.1048900","0.1023800","0.1044700","72377"
1776872220000,"0.1043100","0.1043100","0.1029300","0.1036700","39673"
1776872280000,"0.1041200","0.1059300","0.1035600","0.1048600","37329"
1776872340000,"0.1049700","0.1068700","0.1048100","0.1065100","74796"
1776872400000,"0.1065300","0.1065400","0.1036800","0.1045200","129992"
1776872460000,"0.1045100","0.1051900","0.1036400","0.1037300","118355"
1776872520000,"0.1037000","0.1047000","0.1027600","0.1045600","53288"
1776872580000,"0.1044500","0.1046000","0.1036900","0.1036900","34355"
1776872640000,"0.1035400","0.1041800","0.1033300","0.1037800","44192"
1776872700000,"0.1038200","0.1041300","0.1030400","0.1041300","18861"
1776872760000,"0.1039200","0.1053400","0.1034400","0.1050900","37234"
1776872820000,"0.1049900","0.1059500","0.1047100","0.1058300","23675"
1776872880000,"0.1056700","0.1072900","0.1051500","0.1071200","69817"
1776872940000,"0.1066700","0.1084000","0.1063500","0.1080400","42539"
1776873000000,"0.1080000","0.1116000","0.1080000","0.1111500","192856"
1776873060000,"0.1104700","0.1130300","0.1104700","0.1107800","284908"
1776873120000,"0.1107900","0.1107900","0.1091000","0.1096500","16095"
1776873180000,"0.1100500","0.1106100","0.1094400","0.1096600","37271"
1776873240000,"0.1097700","0.1109400","0.1097700","0.1104400","29689"
1776873300000,"0.1103700","0.1104300","0.1094900","0.1098700","22434"
1776873360000,"0.1098100","0.1114200","0.1097200","0.1114200","23830"
1776873420000,"0.1118300","0.1122300","0.1110600","0.1114500","25532"
1776873480000,"0.1112900","0.1133800","0.1112900","0.1125800","63906"
1776873540000,"0.1126600","0.1129600","0.1115800","0.1121100","131412"
1776873600000,"0.1121800","0.1148100","0.1104300","0.1112600","70924"
1776873660000,"0.1110500","0.1110500","0.1087500","0.1098100","86048"
1776873720000,"0.1099400","0.1101700","0.1090800","0.1098400","35220"
1776873780000,"0.1096900","0.1115200","0.1092400","0.1092400","52019"
1776873840000,"0.1084900","0.1095000","0.1065800","0.1095000","52624"
1776873900000,"0.1095400","0.1106300","0.1091200","0.1101700","133474"
1776873960000,"0.1102000","0.1113200","0.1098000","0.1112700","93801"
1776874020000,"0.1110000","0.1118600","0.1095000","0.1096100","30853"
1776874080000,"0.1096700","0.1110400","0.1096100","0.1109100","66891"
1776874140000,"0.1109300","0.1110800","0.1095000","0.1095000","64504"
1776874200000,"0.1095000","0.1101500","0.1095000","0.1099400","43419"
1776874260000,"0.1093400","0.1097900","0.1080000","0.1094700","37739"
1776874320000,"0.1097800","0.1106100","0.1086000","0.1094900","104864"
1776874380000,"0.1094700","0.1098900","0.1088300","0.1092600","68116"
1776874440000,"0.1096100","0.1104800","0.1096100","0.1104800","12714"
1776874500000,"0.1106200","0.1182400","0.1106200","0.1132000","433846"
1776874560000,"0.1122000","0.1128300","0.1102100","0.1114100","41528"
1776874620000,"0.1111200","0.1111200","0.1090700","0.1100900","45438"
1776874680000,"0.1100000","0.1111000","0.1100000","0.1108100","21840"
1776874740000,"0.1106500","0.1112300","0.1092000","0.1092000","59830"
1776874800000,"0.1086000","0.1098000","0.1082900","0.1097400","59454"
1776874860000,"0.1100600","0.1116000","0.1096600","0.1113800","37116"
1776874920000,"0.1114100","0.1130500","0.1114100","0.1130400","111550"
1776874980000,"0.1130600","0.1140000","0.1122000","0.1130000","73207"
1776875040000,"0.1130200","0.1139200","0.1122000","0.1124600","47129"
1776875100000,"0.1126900","0.1134700","0.1119500","0.1119500","137115"
1776875160000,"0.1120800","0.1130700","0.1120800","0.1130700","86470"
1776875220000,"0.1134000","0.1143500","0.1116900","0.1123100","141950"
1776875280000,"0.1118600","0.1128200","0.1116000","0.1126100","42630"
1776875340000,"0.1122000","0.1126700","0.1115000","0.1118500","72801"
1776875400000,"0.1116600","0.1116600","0.1098000","0.1108800","18285"
1776875460000,"0.1107500","0.1130100","0.1105700","0.1121800","59803"
1776875520000,"0.1122000","0.1134000","0.1121300","0.1134000","33778"
1776875580000,"0.1137200","0.1150000","0.1132000","0.1134200","144784"
1776875640000,"0.1134400","0.1141400","0.1124300","0.1134800","45856"
1776875700000,"0.1135000","0.1138500","0.1121300","0.1125500","32167"
1776875760000,"0.1122000","0.1136200","0.1122000","0.1135900","24594"
1776875820000,"0.1136100","0.1151900","0.1135700","0.1151900","47585"
1776875880000,"0.1147600","0.1156600","0.1134800","0.1140100","58031"
1776875940000,"0.1137300","0.1144300","0.1127900","0.1144300","31866"
1776876000000,"0.1142000","0.1147700","0.1141800","0.1144700","8034"
1776876060000,"0.1146000","0.1159300","0.1146000","0.1154900","42037"
1776876120000,"0.1154800","0.1170000","0.1139800","0.1139800","76309"
1776876180000,"0.1139900","0.1147400","0.1134700","0.1146400","36509"
1776876240000,"0.1140000","0.1140600","0.1124900","0.1128100","103943"
1776876300000,"0.1128600","0.1147800","0.1128000","0.1128000","15313"
1776876360000,"0.1122000","0.1128500","0.1104000","0.1122000","53227"
1776876420000,"0.1116000","0.1132800","0.1116000","0.1126800","23161"
1776876480000,"0.1127000","0.1127000","0.1110500","0.1116600","6390"
1776876540000,"0.1110000","0.1110000","0.1056100","0.1087200","188204"
1776876600000,"0.1092000","0.1101300","0.1090500","0.1090500","12296"
1776876660000,"0.1093500","0.1099200","0.1089800","0.1097900","13070"
1776876720000,"0.1097700","0.1098600","0.1033500","0.1063600","93980"
1776876780000,"0.1063600","0.1066300","0.1054000","0.1064200","41726"
1776876840000,"0.1065400","0.1074000","0.1059600","0.1059600","18407"
1776876900000,"0.1060100","0.1062700","0.1032000","0.1044700","63566"
1776876960000,"0.1044800","0.1058900","0.1044800","0.1051800","262261"
1776877020000,"0.1056000","0.1066700","0.1056000","0.1060700","28775"
1776877080000,"0.1061200","0.1074000","0.1061200","0.1074000","27583"
1776877140000,"0.1075600","0.1075800","0.1070400","0.1070400","27624"
1776877200000,"0.1068000","0.1080000","0.1064100","0.1064200","4601"
1776877260000,"0.1067700","0.1074100","0.1062000","0.1074100","39295"
1776877320000,"0.1076100","0.1086000","0.1076100","0.1086000","3540"
1776877380000,"0.1089300","0.1092000","0.1080600","0.1085600","61167"
1776877440000,"0.1083900","0.1091100","0.1076800","0.1076800","61163"
1776877500000,"0.1083100","0.1083100","0.1074000","0.1076800","8174"
1776877560000,"0.1075200","0.1080000","0.1075200","0.1077100","15046"
1776877620000,"0.1086000","0.1086000","0.1083500","0.1083900","5984"
1776877680000,"0.1085900","0.1088100","0.1080000","0.1080000","6194"
1776877740000,"0.1086000","0.1088700","0.1086000","0.1088700","1155"
1776877800000,"0.1088500","0.1104000","0.1088500","0.1095400","46696"
1776877860000,"0.1094600","0.1095800","0.1091700","0.1095300","6395"
1776877920000,"0.1090900","0.1091100","0.1085100","0.1091100","20627"
1776877980000,"0.1086300","0.1086600","0.1072700","0.1075300","58238"
1776878040000,"0.1074500","0.1074500","0.1045600","0.1058800","96503"
1776878100000,"0.1058800","0.1062400","0.1039700","0.1062400","111739"
1776878160000,"0.1064000","0.1067200","0.1027400","0.1040000","165151"
1776878220000,"0.1036000","0.1044000","0.1014000","0.1033400","127781"
1776878280000,"0.1040000","0.1048000","0.1029300","0.1039100","56658"
1776878340000,"0.1036000","0.1045000","0.1036000","0.1044900","34664"
1776878400000,"0.1048000","0.1061700","0.1046400","0.1061700","28978"
1776878460000,"0.1059600","0.1059600","0.1044000","0.1051300","57984"
1776878520000,"0.1049500","0.1053800","0.1049500","0.1053800","18433"
1776878580000,"0.1058700","0.1076200","0.1031700","0.1043000","117782"
1776878640000,"0.1043000","0.1053100","0.1033700","0.1039700","120547"
1776878700000,"0.1042800","0.1052200","0.1042800","0.1052000","14171"
1776878760000,"0.1055900","0.1066600","0.1054400","0.1066600","3968"
1776878820000,"0.1069000","0.1073700","0.1061900","0.1062100","37999"
1776878880000,"0.1063100","0.1071300","0.1063100","0.1068100","37564"
1776878940000,"0.1067000","0.1071900","0.1066400","0.1066700","133524"
1776879000000,"0.1066500","0.1071200","0.1058300","0.1071200","127558"
1776879060000,"0.1068400","0.1080400","0.1068400","0.1079800","95135"
1776879120000,"0.1075400","0.1075400","0.1069400","0.1069800","55956"
1776879180000,"0.1069500","0.1072900","0.1066200","0.1071300","67943"
1776879240000,"0.1076900","0.1085000","0.1075600","0.1081900","82256"
1776879300000,"0.1085700","0.1095400","0.1082000","0.1095400","145689"
1776879360000,"0.1092300","0.1113900","0.1091900","0.1103700","162065"
1776879420000,"0.1100500","0.1104800","0.1091500","0.1096800","98845"
1776879480000,"0.1099800","0.1109300","0.1099800","0.1109100","28102"
1776879540000,"0.1104700","0.1104700","0.1097800","0.1100000","31895"
1776879600000,"0.1096700","0.1100400","0.1096700","0.1099900","2414"
1776879660000,"0.1101100","0.1103900","0.1098600","0.1098600","18287"
1776879720000,"0.1095200","0.1097100","0.1086300","0.1094500","75966"
1776879780000,"0.1094500","0.1101400","0.1090000","0.1090000","6986"
1776879840000,"0.1090300","0.1090300","0.1090000","0.1090000","28193"
1776879900000,"0.1098600","0.1100000","0.1093300","0.1100000","34692"
1776879960000,"0.1100700","0.1111000","0.1097100","0.1098600","65946"
1776880020000,"0.1097400","0.1098500","0.1087900","0.1093300","91512"
1776880080000,"0.1090000","0.1090000","0.1087900","0.1087900","1065"
1776880140000,"0.1082600","0.1090800","0.1082000","0.1087100","4276"
1776880200000,"0.1083800","0.1084300","0.1081200","0.1083100","8610"
1776880260000,"0.1087900","0.1102600","0.1087900","0.1102600","8258"
1776880320000,"0.1102400","0.1125300","0.1102400","0.1109500","381303"
1776880380000,"0.1107300","0.1107300","0.1092300","0.1092300","72888"
1776880440000,"0.1097700","0.1098600","0.1093300","0.1096500","23194"
1776880500000,"0.1098600","0.1104500","0.1094000","0.1097300","97799"
1776880560000,"0.1099600","0.1099600","0.1099600","0.1099600","286"
1776880620000,"0.1100700","0.1111500","0.1100200","0.1107200","7410"
1776880680000,"0.1108300","0.1109300","0.1103900","0.1109300","2759"
1776880740000,"0.1107500","0.1113600","0.1107400","0.1107600","117187"
1776880800000,"0.1108000","0.1116300","0.1106500","0.1115800","78754"
1776880860000,"0.1112800","0.1118100","0.1107000","0.1108100","21878"
1776880920000,"0.1109200","0.1113000","0.1107100","0.1113000","9473"
1776880980000,"0.1114600","0.1119900","0.1114600","0.1114600","13318"
1776881040000,"0.1114300","0.1123300","0.1114300","0.1123300","37911"
1776881100000,"0.1119900","0.1123500","0.1119900","0.1121400","12878"
1776881160000,"0.1116800","0.1116800","0.1103900","0.1107900","106811"
1776881220000,"0.1105700","0.1105700","0.1098600","0.1099300","9019"
1776881280000,"0.1100200","0.1128500","0.1100200","0.1128500","116466"
1776881340000,"0.1128700","0.1136700","0.1127500","0.1133200","89057"
1776881400000,"0.1130700","0.1130700","0.1113500","0.1119000","48136"
1776881460000,"0.1119300","0.1144500","0.1119300","0.1137300","70328"
1776881520000,"0.1137500","0.1142600","0.1133800","0.1135400","85466"
1776881580000,"0.1138600","0.1141300","0.1130400","0.1138100","7587"
1776881640000,"0.1138200","0.1140500","0.1135400","0.1140500","26859"
1776881700000,"0.1139600","0.1148700","0.1139200","0.1148300","51196"
1776881760000,"0.1148300","0.1150400","0.1133400","0.1134800","30143"
1776881820000,"0.1135000","0.1135000","0.1118400","0.1127600","86691"
1776881880000,"0.1127800","0.1134000","0.1127800","0.1134000","4075"
1776881940000,"0.1135100","0.1146600","0.1135100","0.1137100","8022"
1776882000000,"0.1135900","0.1141300","0.1128700","0.1134500","36056"
1776882060000,"0.1135500","0.1143600","0.1133800","0.1143600","24599"
1776882120000,"0.1137100","0.1142400","0.1135900","0.1138600","35788"
1776882180000,"0.1135900","0.1137000","0.1135900","0.1137000","317"
1776882240000,"0.1138300","0.1141300","0.1133000","0.1133900","16177"
1776882300000,"0.1132500","0.1132900","0.1123100","0.1124200","109895"
1776882360000,"0.1124400","0.1132300","0.1124400","0.1132300","11384"
1776882420000,"0.1132800","0.1135900","0.1121200","0.1124900","139154"
1776882480000,"0.1125100","0.1126700","0.1121400","0.1123200","18274"
1776882540000,"0.1124400","0.1126500","0.1119900","0.1119900","7050"
1776882600000,"0.1117900","0.1126100","0.1117600","0.1126100","6350"
1776882660000,"0.1127300","0.1128800","0.1119900","0.1120500","23842"
1776882720000,"0.1119400","0.1124900","0.1112800","0.1123200","33394"
1776882780000,"0.1123800","0.1150000","0.1123800","0.1148200","32874"
1776882840000,"0.1150300","0.1160000","0.1137900","0.1146600","67087"
1776882900000,"0.1141300","0.1146700","0.1135900","0.1146700","11048"
1776882960000,"0.1141300","0.1141500","0.1138400","0.1139300","8056"
1776883020000,"0.1139900","0.1151900","0.1139900","0.1149600","29092"
1776883080000,"0.1150300","0.1162500","0.1150300","0.1157800","243838"
1776883140000,"0.1159400","0.1162600","0.1150500","0.1160500","35299"
1776883200000,"0.1158300","0.1173300","0.1155300","0.1168900","279026"
1776883260000,"0.1170000","0.1211600","0.1147500","0.1151300","732856"
1776883320000,"0.1150600","0.1150600","0.1123600","0.1139100","264471"
1776883380000,"0.1139300","0.1139300","0.1107000","0.1135000","134472"
1776883440000,"0.1129200","0.1137100","0.1126100","0.1129900","92702"
1776883500000,"0.1130800","0.1134200","0.1130600","0.1133600","66713"
1776883560000,"0.1138000","0.1148300","0.1127400","0.1131700","20096"
1776883620000,"0.1130200","0.1135900","0.1126900","0.1131000","5305"
1776883680000,"0.1126600","0.1126600","0.1110400","0.1110400","43613"
1776883740000,"0.1113900","0.1125200","0.1095400","0.1121600","209668"
1776883800000,"0.1121800","0.1129800","0.1121800","0.1126000","12888"
1776883860000,"0.1122300","0.1133800","0.1120500","0.1133800","7115"
1776883920000,"0.1123600","0.1128800","0.1123600","0.1128800","1119"
1776883980000,"0.1128800","0.1128800","0.1128800","0.1128800","0"
1776884040000,"0.1129900","0.1129900","0.1120900","0.1123400","22909"
1776884100000,"0.1124100","0.1136300","0.1119300","0.1134000","27512"
1776884160000,"0.1135900","0.1140900","0.1135000","0.1140900","1233"
1776884220000,"0.1141100","0.1143500","0.1138300","0.1138500","1349"
1776884280000,"0.1139700","0.1141500","0.1139700","0.1141400","12630"
1776884340000,"0.1135000","0.1140700","0.1135000","0.1140700","20865"
1776884400000,"0.1139100","0.1141500","0.1138100","0.1141500","12977"
1776884460000,"0.1138600","0.1142100","0.1138600","0.1142100","20480"
1776884520000,"0.1138300","0.1140700","0.1133300","0.1133300","13085"
1776884580000,"0.1130000","0.1130000","0.1117300","0.1117900","16605"
1776884640000,"0.1118500","0.1121200","0.1111200","0.1121200","2663"
1776884700000,"0.1123300","0.1132000","0.1114700","0.1116600","11181"
1776884760000,"0.1120300","0.1137700","0.1120300","0.1133700","7526"
1776884820000,"0.1135400","0.1148600","0.1135400","0.1142100","17015"
1776884880000,"0.1140000","0.1141200","0.1133300","0.1135000","11004"
1776884940000,"0.1130000","0.1130000","0.1115600","0.1126600","57742"
1776885000000,"0.1126800","0.1129400","0.1122100","0.1128500","269661"
1776885060000,"0.1128500","0.1128500","0.1128500","0.1128500","0"
1776885120000,"0.1128700","0.1136100","0.1128700","0.1136100","1750"
1776885180000,"0.1131600","0.1134500","0.1131600","0.1134500","553"
1776885240000,"0.1132100","0.1133400","0.1132000","0.1132000","1384"
1776885300000,"0.1130000","0.1133900","0.1124000","0.1124000","21727"
1776885360000,"0.1124200","0.1133000","0.1116700","0.1133000","25959"
1776885420000,"0.1132300","0.1132700","0.1130000","0.1130400","58617"
1776885480000,"0.1124400","0.1135500","0.1124400","0.1133000","139335"
1776885540000,"0.1134500","0.1134500","0.1134500","0.1134500","56"
1776885600000,"0.1132800","0.1136700","0.1131500","0.1133500","41427"
1776885660000,"0.1132100","0.1132100","0.1124000","0.1125800","24049"
1776885720000,"0.1125100","0.1129300","0.1121300","0.1126700","12314"
1776885780000,"0.1120000","0.1120000","0.1053900","0.1072800","268488"
1776885840000,"0.1072500","0.1081000","0.1070000","0.1078100","119223"
1776885900000,"0.1088000","0.1088700","0.1055500","0.1064200","48294"
1776885960000,"0.1064200","0.1070100","0.1061700","0.1069800","79849"
1776886020000,"0.1066000","0.1081800","0.1066000","0.1074700","10455"
1776886080000,"0.1076400","0.1076800","0.1030900","0.1033100","129746"
1776886140000,"0.1036300","0.1052200","0.1035000","0.1047500","46923"
1776886200000,"0.1053000","0.1066300","0.1053000","0.1059300","57181"
1776886260000,"0.1064900","0.1070500","0.1064900","0.1070500","51576"
1776886320000,"0.1069700","0.1070500","0.1061700","0.1065900","91983"
1776886380000,"0.1069400","0.1069400","0.1068500","0.1068500","56186"
1776886440000,"0.1069100","0.1076000","0.1068800","0.1076000","31103"
1776886500000,"0.1076900","0.1080200","0.1073500","0.1073500","79855"
1776886560000,"0.1068800","0.1075900","0.1060900","0.1075900","49493"
1776886620000,"0.1072700","0.1072700","0.1072700","0.1072700","1231"
1776886680000,"0.1071300","0.1071300","0.1068800","0.1068800","4716"
1776886740000,"0.1075900","0.1076600","0.1075300","0.1075300","2209"
1776886800000,"0.1072900","0.1073500","0.1061000","0.1062000","11826"
1776886860000,"0.1067000","0.1067000","0.1054100","0.1054200","511499"
1776886920000,"0.1062400","0.1068800","0.1054700","0.1068800","48607"
1776886980000,"0.1070100","0.1074000","0.1065800","0.1071400","3915"
1776887040000,"0.1071400","0.1071400","0.1064500","0.1067300","5343"
1776887100000,"0.1071300","0.1076000","0.1063400","0.1065100","6078"
1776887160000,"0.1065100","0.1068000","0.1065100","0.1065200","4058"
1776887220000,"0.1064300","0.1065700","0.1061200","0.1065300","1741"
1776887280000,"0.1062700","0.1063800","0.1050000","0.1050000","23223"
1776887340000,"0.1052100","0.1053700","0.1050600","0.1051600","2162"
1776887400000,"0.1047900","0.1052700","0.1003900","0.1023100","203779"
1776887460000,"0.1020300","0.1040100","0.1016000","0.1033900","221380"
1776887520000,"0.1035200","0.1035200","0.1025500","0.1033500","17310"
1776887580000,"0.1034600","0.1034600","0.1028100","0.1031900","22671"
1776887640000,"0.1039900","0.1048000","0.1032500","0.1032500","11421"
1776887700000,"0.1030300","0.1037700","0.1027300","0.1037400","112211"
1776887760000,"0.1037700","0.1038900","0.1035100","0.1038900","5306"
1776887820000,"0.1032800","0.1036400","0.1015700","0.1015700","14487"
1776887880000,"0.1020500","0.1021500","0.1008800","0.1019900","76201"
1776887940000,"0.1017300","0.1031300","0.1016500","0.1027000","65185"
1776888000000,"0.1025200","0.1047500","0.1016700","0.1047500","92476"
1776888060000,"0.1048000","0.1052000","0.1046100","0.1046800","44170"
1776888120000,"0.1045800","0.1047100","0.1040100","0.1047000","66282"
1776888180000,"0.1048000","0.1058400","0.1048000","0.1050400","73757"
1776888240000,"0.1051000","0.1058200","0.1051000","0.1056400","23562"
1776888300000,"0.1058300","0.1058300","0.1051700","0.1051700","172094"
1776888360000,"0.1052200","0.1052200","0.0983900","0.0998800","278996"
1776888420000,"0.1000300","0.1014000","0.0988700","0.1013000","135812"
1776888480000,"0.1016700","0.1019100","0.1007500","0.1009800","13767"
1776888540000,"0.1009300","0.1015500","0.0990700","0.1000900","77574"
1776888600000,"0.1005700","0.1011600","0.1000300","0.1004300","8090"
1776888660000,"0.1007300","0.1009200","0.0995900","0.1008700","53315"
1776888720000,"0.1007900","0.1017200","0.1007900","0.1013700","56936"
1776888780000,"0.1016900","0.1025500","0.1015100","0.1022000","26582"
1776888840000,"0.1022000","0.1024800","0.1016000","0.1016000","176823"
1776888900000,"0.1014700","0.1025200","0.1009000","0.1025200","17067"
1776888960000,"0.1025300","0.1026000","0.1015700","0.1018700","3682"
1776889020000,"0.1018600","0.1022900","0.1018600","0.1022900","2878"
1776889080000,"0.1025200","0.1026800","0.1015300","0.1015300","11145"
1776889140000,"0.1017500","0.1020600","0.1008600","0.1010500","31954"
1776889200000,"0.1011100","0.1011500","0.1004400","0.1007200","22704"
1776889260000,"0.1008300","0.1014700","0.1008300","0.1014700","4941"
1776889320000,"0.1012500","0.1040000","0.1012500","0.1038600","172402"
1776889380000,"0.1036700","0.1048000","0.1036700","0.1045200","159148"
1776889440000,"0.1045100","0.1049000","0.1040700","0.1049000","25039"
1776889500000,"0.1049000","0.1051100","0.1032100","0.1032100","149315"
1776889560000,"0.1033100","0.1036500","0.1027300","0.1035400","51435"
1776889620000,"0.1031600","0.1036300","0.1031600","0.1036300","12647"
1776889680000,"0.1032800","0.1032800","0.1019700","0.1021700","29748"
1776889740000,"0.1025700","0.1033000","0.1025700","0.1031000","45989"
1776889800000,"0.1032700","0.1033600","0.1030200","0.1033500","28652"
1776889860000,"0.1035000","0.1042100","0.1032800","0.1037400","354839"
1776889920000,"0.1041300","0.1048000","0.1041300","0.1045700","51315"
1776889980000,"0.1044600","0.1044600","0.1034300","0.1034300","101004"
1776890040000,"0.1038900","0.1043700","0.1038900","0.1041100","10438"
1776890100000,"0.1041100","0.1041100","0.1037800","0.1039600","97869"
1776890160000,"0.1040200","0.1044200","0.1038800","0.1044200","69583"
1776890220000,"0.1045700","0.1068200","0.1045700","0.1059800","277845"
1776890280000,"0.1065700","0.1070800","0.1065700","0.1070800","22239"
1776890340000,"0.1065700","0.1073300","0.1065700","0.1069500","13502"
1776890400000,"0.1066800","0.1075600","0.1066800","0.1073700","36796"
1776890460000,"0.1075900","0.1083100","0.1074900","0.1077900","145892"
1776890520000,"0.1070900","0.1074500","0.1065800","0.1067400","129363"
1776890580000,"0.1066100","0.1066100","0.1053900","0.1054900","76903"
1776890640000,"0.1054200","0.1067400","0.1053500","0.1066600","92341"
1776890700000,"0.1067500","0.1068800","0.1061900","0.1061900","7326"
1776890760000,"0.1057300","0.1067100","0.1054800","0.1067000","52710"
1776890820000,"0.1063900","0.1068700","0.1063900","0.1067500","31268"
1776890880000,"0.1060000","0.1068600","0.1060000","0.1068600","191152"
1776890940000,"0.1064400","0.1071500","0.1064400","0.1068400","47658"
1776891000000,"0.1067100","0.1075900","0.1067100","0.1073800","21286"
1776891060000,"0.1075600","0.1086500","0.1075600","0.1080500","55704"
1776891120000,"0.1083400","0.1087900","0.1079800","0.1087900","178341"
1776891180000,"0.1090200","0.1091800","0.1086500","0.1086700","25505"
1776891240000,"0.1086000","0.1086400","0.1084200","0.1086400","25704"
1776891300000,"0.1083500","0.1088000","0.1076500","0.1088000","172087"
1776891360000,"0.1086400","0.1088400","0.1082400","0.1088000","10434"
1776891420000,"0.1088800","0.1090200","0.1078200","0.1089400","106735"
1776891480000,"0.1088100","0.1088900","0.1084200","0.1084200","21775"
1776891540000,"0.1088200","0.1088900","0.1083900","0.1083900","148820"
1776891600000,"0.1083100","0.1084400","0.1080900","0.1080900","65043"
1776891660000,"0.1086500","0.1120400","0.1086500","0.1118300","140775"
1776891720000,"0.1120600","0.1140500","0.1113900","0.1125800","234019"
1776891780000,"0.1122700","0.1148900","0.1118700","0.1148900","276620"
1776891840000,"0.1143400","0.1146800","0.1124500","0.1126800","89755"
1776891900000,"0.1128400","0.1136800","0.1128400","0.1132800","64312"
1776891960000,"0.1131100","0.1131500","0.1125800","0.1128900","20605"
1776892020000,"0.1131600","0.1133600","0.1128200","0.1133600","34095"
1776892080000,"0.1132100","0.1132700","0.1122800","0.1122800","114916"
1776892140000,"0.1120600","0.1123600","0.1111600","0.1116400","99570"
1776892200000,"0.1118700","0.1119000","0.1118700","0.1119000","4124"
1776892260000,"0.1120100","0.1120100","0.1111600","0.1111600","4106"
1776892320000,"0.1110700","0.1111800","0.1104400","0.1107400","127838"
1776892380000,"0.1108700","0.1110200","0.1108200","0.1109200","15888"
1776892440000,"0.1108500","0.1108500","0.1104400","0.1104400","22954"
1776892500000,"0.1102600","0.1116600","0.1100500","0.1108200","31077"
1776892560000,"0.1109900","0.1109900","0.1093300","0.1094900","8111"
1776892620000,"0.1097800","0.1104400","0.1092900","0.1100000","35814"
1776892680000,"0.1098400","0.1099700","0.1085600","0.1086900","62122"
1776892740000,"0.1087700","0.1091600","0.1087700","0.1088800","110793"
1776892800000,"0.1088000","0.1088000","0.1072800","0.1079100","25070"
1776892860000,"0.1081200","0.1085000","0.1075900","0.1076000","12378"
1776892920000,"0.1077600","0.1088300","0.1071400","0.1085000","5505"
1776892980000,"0.1088000","0.1096700","0.1077500","0.1078100","159837"
1776893040000,"0.1079800","0.1085600","0.1079800","0.1082100","15654"
1776893100000,"0.1082900","0.1082900","0.1079100","0.1080500","84283"
1776893160000,"0.1079100","0.1080800","0.1075200","0.1077500","42775"
1776893220000,"0.1079100","0.1079800","0.1069900","0.1071700","83019"
1776893280000,"0.1071600","0.1076200","0.1068600","0.1074300","44573"
1776893340000,"0.1076200","0.1077900","0.1073000","0.1073000","9916"
1776893400000,"0.1073000","0.1073900","0.1053200","0.1065400","94492"
1776893460000,"0.1066700","0.1073300","0.1065900","0.1073200","13788"
1776893520000,"0.1075900","0.1085000","0.1075900","0.1085000","81178"
1776893580000,"0.1082400","0.1090900","0.1082100","0.1082100","36025"
1776893640000,"0.1080200","0.1080200","0.1067400","0.1067400","27789"
1776893700000,"0.1067200","0.1077100","0.1067200","0.1076200","14211"
1776893760000,"0.1077400","0.1086200","0.1075900","0.1079100","20617"
1776893820000,"0.1076200","0.1076200","0.1066200","0.1070900","13742"
1776893880000,"0.1071800","0.1079800","0.1069400","0.1072200","17557"
1776893940000,"0.1072800","0.1077400","0.1071300","0.1073200","54457"
1776894000000,"0.1072500","0.1075100","0.1069200","0.1070300","177185"
1776894060000,"0.1071300","0.1076200","0.1071300","0.1073900","119367"
1776894120000,"0.1073900","0.1080300","0.1068700","0.1080300","96202"
1776894180000,"0.1079300","0.1085000","0.1074300","0.1074300","52104"
1776894240000,"0.1074200","0.1077500","0.1073100","0.1076900","140582"
1776894300000,"0.1077300","0.1082100","0.1076300","0.1079100","151653"
1776894360000,"0.1077300","0.1079100","0.1075500","0.1079100","208292"
1776894420000,"0.1077600","0.1087200","0.1077100","0.1084200","145768"
1776894480000,"0.1083100","0.1083100","0.1083100","0.1083100","922"
1776894540000,"0.1083800","0.1083800","0.1083800","0.1083800","13176"
1776894600000,"0.1082100","0.1082100","0.1073300","0.1073300","18004"
1776894660000,"0.1076200","0.1076200","0.1061600","0.1070300","25937"
1776894720000,"0.1073300","0.1073300","0.1073300","0.1073300","65"
1776894780000,"0.1075900","0.1077400","0.1073300","0.1073300","21220"
1776894840000,"0.1070300","0.1070300","0.1064500","0.1067400","1447"
1776894900000,"0.1064500","0.1064500","0.1064500","0.1064500","65"
1776894960000,"0.1067400","0.1070300","0.1067400","0.1068700","6264"
1776895020000,"0.1068700","0.1068700","0.1068700","0.1068700","0"
1776895080000,"0.1073300","0.1076700","0.1073300","0.1076700","1119"
1776895140000,"0.1079100","0.1082100","0.1078800","0.1078800","24208"
1776895200000,"0.1077100","0.1090200","0.1077100","0.1083900","92853"
1776895260000,"0.1083100","0.1083100","0.1067700","0.1073300","44094"
1776895320000,"0.1076200","0.1088000","0.1068800","0.1076800","29483"
1776895380000,"0.1075900","0.1078200","0.1066900","0.1073300","56359"
1776895440000,"0.1073700","0.1079100","0.1073700","0.1077400","69665"
1776895500000,"0.1081500","0.1085700","0.1077000","0.1081800","63457"
1776895560000,"0.1080200","0.1095300","0.1080200","0.1083100","52796"
1776895620000,"0.1082800","0.1082800","0.1075900","0.1075900","17450"
1776895680000,"0.1081500","0.1081500","0.1081500","0.1081500","278"
1776895740000,"0.1081600","0.1082300","0.1080000","0.1080000","56137"
1776895800000,"0.1081600","0.1083100","0.1080300","0.1080700","10334"
1776895860000,"0.1080900","0.1081600","0.1076100","0.1079900","333345"
1776895920000,"0.1080700","0.1080700","0.1072600","0.1072600","96136"
1776895980000,"0.1069400","0.1073500","0.1067200","0.1067800","114284"
1776896040000,"0.1070100","0.1070100","0.1030900","0.1036100","68474"
1776896100000,"0.1035200","0.1040600","0.1026900","0.1026900","156041"
1776896160000,"0.1037800","0.1040600","0.1017900","0.1023100","46599"
1776896220000,"0.1033000","0.1041100","0.1033000","0.1041100","13911"
1776896280000,"0.1042800","0.1055300","0.1041600","0.1055100","99966"
1776896340000,"0.1056900","0.1059800","0.1051200","0.1056900","106467"
1776896400000,"0.1058700","0.1061500","0.1054400","0.1054400","76830"
1776896460000,"0.1059800","0.1062400","0.1059800","0.1062400","99881"
1776896520000,"0.1063500","0.1065000","0.1049700","0.1049700","104835"
1776896580000,"0.1054200","0.1054200","0.1047500","0.1047500","18199"
1776896640000,"0.1046300","0.1046300","0.1040100","0.1040100","15014"
1776896700000,"0.1048000","0.1049100","0.1048000","0.1049100","30117"
1776896760000,"0.1049100","0.1049100","0.1049100","0.1049100","0"
1776896820000,"0.1046000","0.1046000","0.1046000","0.1046000","2722"
1776896880000,"0.1046000","0.1046000","0.1046000","0.1046000","0"
1776896940000,"0.1046000","0.1046000","0.1046000","0.1046000","0"
1776897000000,"0.1052500","0.1054200","0.1044100","0.1047400","72221"
1776897060000,"0.1052400","0.1055300","0.1052400","0.1055300","783"
1776897120000,"0.1059800","0.1075900","0.1058700","0.1058800","67012"
1776897180000,"0.1059500","0.1059500","0.1052300","0.1052300","82802"
1776897240000,"0.1051000","0.1053100","0.1047500","0.1051300","3428"
1776897300000,"0.1055300","0.1062400","0.1055300","0.1062400","34942"
1776897360000,"0.1063200","0.1063200","0.1063200","0.1063200","465"
1776897420000,"0.1063200","0.1063200","0.1063200","0.1063200","0"
1776897480000,"0.1059700","0.1059700","0.1059700","0.1059700","652"
1776897540000,"0.1064100","0.1064100","0.1052700","0.1052700","42850"
1776897600000,"0.1049400","0.1050400","0.1049400","0.1050400","1174"
1776897660000,"0.1051200","0.1051200","0.1051200","0.1051200","21380"
1776897720000,"0.1051200","0.1051200","0.1051200","0.1051200","0"
1776897780000,"0.1055100","0.1055100","0.1055100","0.1055100","500"
1776897840000,"0.1054100","0.1055000","0.1054100","0.1055000","41081"
1776897900000,"0.1058300","0.1062400","0.1057100","0.1057100","11000"
1776897960000,"0.1059800","0.1059800","0.1059800","0.1059800","201"
1776898020000,"0.1054800","0.1054800","0.1052300","0.1054800","48955"
1776898080000,"0.1056300","0.1062400","0.1056300","0.1062400","30292"
1776898140000,"0.1062000","0.1063900","0.1062000","0.1063900","26625"
1776898200000,"0.1062000","0.1065800","0.1062000","0.1065000","21664"
1776898260000,"0.1068800","0.1068800","0.1064600","0.1066000","9271"
1776898320000,"0.1069500","0.1069500","0.1069200","0.1069200","8568"
1776898380000,"0.1072600","0.1076900","0.1068800","0.1074200","28558"
1776898440000,"0.1075900","0.1077400","0.1075900","0.1077400","10747"
1776898500000,"0.1077400","0.1077400","0.1077400","0.1077400","0"
1776898560000,"0.1077400","0.1077400","0.1077400","0.1077400","0"
1776898620000,"0.1077400","0.1077400","0.1077400","0.1077400","0"
1776898680000,"0.1070500","0.1083100","0.1070500","0.1077900","22519"
1776898740000,"0.1071700","0.1074700","0.1071700","0.1074700","6685"
1776898800000,"0.1076300","0.1083100","0.1075900","0.1080600","145448"
1776898860000,"0.1068800","0.1068800","0.1065400","0.1066600","10946"
1776898920000,"0.1071700","0.1077300","0.1070600","0.1071200","117638"
1776898980000,"0.1068800","0.1068800","0.1061900","0.1064700","583"
1776899040000,"0.1056900","0.1062500","0.1054800","0.1062500","23182"
1776899100000,"0.1062500","0.1063200","0.1054800","0.1054900","22979"
1776899160000,"0.1055600","0.1057800","0.1055600","0.1057800","854"
1776899220000,"0.1062400","0.1067300","0.1062400","0.1066100","1315"
1776899280000,"0.1066100","0.1066100","0.1066100","0.1066100","0"
1776899340000,"0.1066700","0.1066700","0.1062200","0.1062200","5506"
1776899400000,"0.1062200","0.1062200","0.1062200","0.1062200","0"
1776899460000,"0.1059100","0.1059100","0.1059100","0.1059100","500"
1776899520000,"0.1059100","0.1059100","0.1059100","0.1059100","0"
1776899580000,"0.1059100","0.1059100","0.1059100","0.1059100","0"
1776899640000,"0.1054800","0.1062600","0.1054800","0.1062600","916"
1776899700000,"0.1068100","0.1068800","0.1068100","0.1068800","561"
1776899760000,"0.1069800","0.1069800","0.1061900","0.1061900","1502"
1776899820000,"0.1067400","0.1067400","0.1067400","0.1067400","500"
1776899880000,"0.1068800","0.1068800","0.1068800","0.1068800","61"
1776899940000,"0.1068800","0.1068800","0.1068800","0.1068800","0"
1776900000000,"0.1071900","0.1071900","0.1071900","0.1071900","8578"
1776900060000,"0.1073900","0.1081700","0.1073900","0.1080200","2160"
1776900120000,"0.1083100","0.1089000","0.1075900","0.1084900","39116"
1776900180000,"0.1086700","0.1096200","0.1084900","0.1093700","6244"
1776900240000,"0.1086700","0.1086700","0.1083100","0.1085900","3359"
1776900300000,"0.1090000","0.1091000","0.1090000","0.1091000","41108"
1776900360000,"0.1097300","0.1109200","0.1097300","0.1103900","87442"
1776900420000,"0.1102300","0.1129700","0.1100700","0.1118300","119833"
1776900480000,"0.1117200","0.1132200","0.1117200","0.1132200","102284"
1776900540000,"0.1123300","0.1126000","0.1113100","0.1118500","3267"
1776900600000,"0.1117300","0.1132900","0.1116400","0.1125900","58991"
1776900660000,"0.1120600","0.1120600","0.1118700","0.1118700","12746"
1776900720000,"0.1121400","0.1121400","0.1120300","0.1120300","1556"
1776900780000,"0.1115700","0.1115700","0.1106300","0.1106300","29067"
1776900840000,"0.1108300","0.1121400","0.1107100","0.1111600","49276"
1776900900000,"0.1111900","0.1112500","0.1102200","0.1109200","47615"
1776900960000,"0.1111600","0.1127300","0.1111600","0.1123300","21538"
1776901020000,"0.1124500","0.1126100","0.1118700","0.1118700","2210"
1776901080000,"0.1124400","0.1142400","0.1124400","0.1136100","30350"
1776901140000,"0.1125800","0.1125800","0.1113900","0.1116100","2288"
1776901200000,"0.1116500","0.1121700","0.1116100","0.1120500","4471"
1776901260000,"0.1125800","0.1128300","0.1122500","0.1122500","1371"
1776901320000,"0.1122700","0.1124800","0.1122700","0.1124800","9576"
1776901380000,"0.1127100","0.1135100","0.1124800","0.1134700","35769"
1776901440000,"0.1129200","0.1129200","0.1125800","0.1127100","10246"
1776901500000,"0.1131700","0.1137700","0.1129100","0.1134500","21347"
1776901560000,"0.1126100","0.1129800","0.1124300","0.1124300","15511"
1776901620000,"0.1127900","0.1134000","0.1122500","0.1126700","16341"
1776901680000,"0.1128700","0.1128700","0.1118700","0.1119900","3120"
1776901740000,"0.1122500","0.1124000","0.1119200","0.1119200","42201"
1776901800000,"0.1113300","0.1113300","0.1110500","0.1110600","15393"
1776901860000,"0.1113900","0.1113900","0.1109000","0.1111300","14340"
1776901920000,"0.1113700","0.1117900","0.1112100","0.1117800","19000"
1776901980000,"0.1118700","0.1122600","0.1118700","0.1122100","7877"
1776902040000,"0.1121100","0.1121100","0.1121100","0.1121100","2000"
1776902100000,"0.1120900","0.1126000","0.1120500","0.1125200","19026"
1776902160000,"0.1120500","0.1120500","0.1118700","0.1118700","10386"
1776902220000,"0.1113900","0.1115100","0.1111600","0.1111900","10422"
1776902280000,"0.1104400","0.1118700","0.1099600","0.1118700","31674"
1776902340000,"0.1123200","0.1123200","0.1118300","0.1118300","649"
1776902400000,"0.1118300","0.1125800","0.1111600","0.1118000","168617"
1776902460000,"0.1113700","0.1153000","0.1113700","0.1153000","303936"
1776902520000,"0.1153200","0.1153200","0.1118700","0.1121600","51950"
1776902580000,"0.1116000","0.1120200","0.1076500","0.1093500","64596"
