symbol,side,entry_time_ct,exit_time_ct,hold_min,entry,exit,peak_open_pnl,peak_open_pct,exit_pnl,exit_pct,giveback_pnl,giveback_pct,reason
PIEVERSEUSDT,BUY,2026-04-20 00:07:49,2026-04-20 01:02:25,54.6,1.4002,1.396,3.04,15.18,-0.07,-0.3,3.11,15.48,SL
SKYAIUSDT,SELL,2026-04-20 04:00:20,2026-04-20 04:18:27,18.1,0.162642,0.164435,2.65,13.3,-0.23,-1.1,2.88,14.4,SL
SKYAIUSDT,SELL,2026-04-20 07:26:03,2026-04-20 07:32:00,5.9,0.162331,0.178333,0.47,2.36,-1.98,-9.86,2.45,12.22,SL
RAVEUSDT,BUY,2026-04-20 05:49:19,2026-04-20 06:06:08,16.8,0.778776,0.707756,0.37,1.84,-1.83,-9.12,2.2,10.96,SL
RAVEUSDT,SELL,2026-04-19 19:34:02,2026-04-19 20:43:47,69.8,0.525525,0.535882,1.73,8.71,-0.4,-1.97,2.13,10.68,SL
SKYAIUSDT,SELL,2026-04-20 03:56:46,2026-04-20 03:57:52,1.1,0.160014,0.173972,0.13,0.66,-1.77,-8.72,1.9,9.38,SL
RAVEUSDT,SELL,2026-04-19 20:45:20,2026-04-19 20:50:05,4.8,0.513877,0.557445,0.05,0.25,-1.7,-8.48,1.75,8.73,SL
RAVEUSDT,SELL,2026-04-20 03:13:27,2026-04-20 03:22:48,9.4,0.5018,0.545542,-0.05,-0.24,-1.75,-8.72,1.7,8.48,SL
RAVEUSDT,SELL,2026-04-19 23:41:25,2026-04-20 00:56:14,74.8,0.569986,0.580389,1.27,6.36,-0.37,-1.83,1.64,8.19,SL
ASTEROIDUSDT,BUY,2026-04-20 16:37:14,2026-04-20 16:45:52,8.6,0.000396,0.000364,-0.03,-0.16,-1.64,-8.14,1.61,7.98,SL
RAVEUSDT,SELL,2026-04-19 21:56:35,2026-04-19 23:00:50,64.3,0.571016,0.578177,1.3,6.47,-0.26,-1.25,1.56,7.72,SL
SKYAIUSDT,SELL,2026-04-20 06:32:25,2026-04-20 06:50:02,17.6,0.161985,0.162533,1.39,6.95,-0.08,-0.34,1.47,7.29,SL
PIEVERSEUSDT,BUY,2026-04-19 23:55:17,2026-04-20 00:06:27,11.2,1.3403,1.4614,3.1,15.45,1.8,9.03,1.3,6.42,SL
SKYAIUSDT,SELL,2026-04-20 06:20:55,2026-04-20 06:29:54,9.0,0.160686,0.155334,1.96,9.8,0.66,3.33,1.3,6.47,SL
ASTEROIDUSDT,BUY,2026-04-20 09:30:05,2026-04-20 10:08:56,38.9,0.000354,0.000341,0.54,2.7,-0.75,-3.69,1.29,6.39,SL
RAVEUSDT,SELL,2026-04-19 20:55:19,2026-04-19 21:03:02,7.7,0.524335,0.558516,-0.11,-0.55,-1.31,-6.52,1.2,5.97,SL
PIEVERSEUSDT,BUY,2026-04-19 22:01:22,2026-04-19 22:13:22,12.0,1.3649,1.2482,-0.59,-2.87,-1.76,-8.55,1.17,5.68,SL
PIEVERSEUSDT,SELL,2026-04-20 14:35:19,2026-04-20 15:13:59,38.7,0.859856,0.861476,1.07,5.33,-0.05,-0.19,1.12,5.52,SL
RAVEUSDT,BUY,2026-04-20 04:56:35,2026-04-20 05:00:00,3.4,0.757802,0.69446,-0.57,-2.85,-1.67,-8.36,1.1,5.51,SL
PIEVERSEUSDT,SELL,2026-04-20 02:29:31,2026-04-20 02:40:25,10.9,0.850745,0.921948,-0.63,-3.2,-1.67,-8.37,1.04,5.17,SL
RAVEUSDT,SELL,2026-04-20 12:57:43,2026-04-20 13:00:41,3.0,0.593261,0.618489,0.06,0.31,-0.86,-4.25,0.92,4.56,SL
SKYAIUSDT,SELL,2026-04-20 08:05:06,2026-04-20 08:22:24,17.3,0.163251,0.169002,0.14,0.71,-0.71,-3.52,0.85,4.23,SL
ASTEROIDUSDT,SELL,2026-04-19 23:42:44,2026-04-19 23:53:42,11.0,0.000278,0.000279,0.73,3.66,-0.1,-0.48,0.83,4.14,SL
ASTEROIDUSDT,BUY,2026-04-20 05:47:18,2026-04-20 06:20:10,32.9,0.000365,0.000363,0.76,3.82,-0.07,-0.32,0.83,4.14,SL
RAVEUSDT,SELL,2026-04-20 01:01:15,2026-04-20 02:24:37,83.4,0.55048,0.512195,2.2,11.02,1.38,6.95,0.82,4.07,SL
ASTEROIDUSDT,BUY,2026-04-20 04:01:31,2026-04-20 04:21:28,20.0,0.000365,0.000354,0.22,1.12,-0.6,-2.97,0.82,4.09,NO_FOLLOW_THROUGH
PIEVERSEUSDT,SELL,2026-04-20 15:27:10,2026-04-20 15:38:26,11.3,0.856129,0.908134,-0.4,-1.99,-1.22,-6.07,0.82,4.08,SL
SKYAIUSDT,SELL,2026-04-20 07:40:06,2026-04-20 08:00:06,20.0,0.160822,0.161134,0.67,3.34,-0.05,-0.19,0.72,3.53,NO_FOLLOW_THROUGH
ASTEROIDUSDT,BUY,2026-04-20 16:47:46,2026-04-20 16:52:16,4.5,0.000379,0.000365,-0.06,-0.31,-0.77,-3.77,0.71,3.46,SL
RAVEUSDT,SELL,2026-04-20 03:33:39,2026-04-20 03:34:51,1.3,0.516487,0.535662,-0.08,-0.42,-0.75,-3.71,0.67,3.29,SL
BULLAUSDT,BUY,2026-04-19 21:17:15,2026-04-19 21:37:14,20.0,0.011355,0.010965,-0.03,-0.13,-0.69,-3.43,0.66,3.3,NO_FOLLOW_THROUGH
GENIUSUSDT,SELL,2026-04-20 10:48:53,2026-04-20 11:01:26,12.6,0.580984,0.60093,-0.03,-0.16,-0.69,-3.43,0.66,3.27,SL
ASTEROIDUSDT,BUY,2026-04-20 13:51:46,2026-04-20 14:05:29,13.7,0.00035,0.000342,0.19,0.94,-0.47,-2.32,0.66,3.26,SL
RAVEUSDT,SELL,2026-04-20 03:40:51,2026-04-20 03:48:44,7.9,0.526005,0.546333,-0.14,-0.69,-0.78,-3.86,0.64,3.17,SL
ASTEROIDUSDT,BUY,2026-04-19 19:47:22,2026-04-19 20:00:25,13.1,0.000347,0.000317,-1.08,-5.38,-1.71,-8.47,0.63,3.09,SL
SKYAIUSDT,SELL,2026-04-20 04:27:28,2026-04-20 04:35:04,7.6,0.159596,0.168641,-0.52,-2.62,-1.14,-5.67,0.62,3.05,SL
GENIUSUSDT,SELL,2026-04-20 10:32:15,2026-04-20 10:46:01,13.8,0.586283,0.587817,0.56,2.79,-0.06,-0.26,0.62,3.05,SL
ASTEROIDUSDT,SELL,2026-04-19 23:58:47,2026-04-20 00:02:52,4.1,0.000271,0.000285,-0.43,-2.16,-1.04,-5.19,0.61,3.03,SL
BULLAUSDT,BUY,2026-04-19 22:48:09,2026-04-19 23:14:09,26.0,0.011084,0.011016,0.47,2.35,-0.13,-0.62,0.6,2.97,SL
ASTEROIDUSDT,BUY,2026-04-20 06:42:44,2026-04-20 07:02:40,20.0,0.000365,0.000356,0.02,0.12,-0.51,-2.53,0.53,2.65,NO_FOLLOW_THROUGH
RAVEUSDT,SELL,2026-04-20 11:47:06,2026-04-20 12:07:07,20.0,0.584403,0.577864,0.75,3.75,0.22,1.12,0.53,2.63,MOMENTUM_FADE
RAVEUSDT,SELL,2026-04-19 21:39:05,2026-04-19 21:43:03,4.0,0.541842,0.555803,-0.08,-0.41,-0.52,-2.58,0.44,2.17,SL
RAVEUSDT,SELL,2026-04-20 02:53:03,2026-04-20 03:13:04,20.0,0.498705,0.501895,0.27,1.34,-0.14,-0.64,0.41,1.98,NO_FOLLOW_THROUGH
ASTEROIDUSDT,BUY,2026-04-20 04:35:28,2026-04-20 04:59:44,24.3,0.000371,0.000374,0.52,2.59,0.14,0.72,0.38,1.87,MOMENTUM_FADE
ASTEROIDUSDT,BUY,2026-04-20 14:08:25,2026-04-20 14:30:47,22.4,0.00035,0.000341,-0.18,-0.92,-0.54,-2.66,0.36,1.74,NO_FOLLOW_THROUGH
BULLAUSDT,BUY,2026-04-20 00:34:17,2026-04-20 01:06:11,31.9,0.011675,0.012095,1.05,5.23,0.72,3.6,0.33,1.63,SL
GENIUSUSDT,SELL,2026-04-20 11:05:04,2026-04-20 11:25:03,20.0,0.589782,0.593548,0.18,0.92,-0.14,-0.64,0.32,1.56,NO_FOLLOW_THROUGH
GENIUSUSDT,SELL,2026-04-19 19:10:39,2026-04-19 19:37:55,27.3,0.643299,0.644176,0.26,1.31,-0.04,-0.14,0.3,1.45,SL
ASTEROIDUSDT,BUY,2026-04-20 13:23:37,2026-04-20 13:43:40,20.1,0.000344,0.000347,0.43,2.14,0.14,0.73,0.29,1.41,MOMENTUM_FADE
BULLAUSDT,BUY,2026-04-19 23:16:21,2026-04-19 23:36:21,20.0,0.011194,0.011105,0.11,0.54,-0.17,-0.8,0.28,1.34,NO_FOLLOW_THROUGH
GENIUSUSDT,SELL,2026-04-20 12:21:34,2026-04-20 12:52:01,30.5,0.591182,0.592321,0.2,0.99,-0.05,-0.19,0.25,1.18,SL
BULLAUSDT,BUY,2026-04-19 21:54:24,2026-04-19 22:17:49,23.4,0.011265,0.011405,0.48,2.4,0.24,1.25,0.24,1.15,MOMENTUM_FADE
ASTEROIDUSDT,BUY,2026-04-20 05:25:31,2026-04-20 05:45:47,20.3,0.000366,0.000361,-0.04,-0.21,-0.28,-1.35,0.24,1.14,NO_FOLLOW_THROUGH
ASTEROIDUSDT,SELL,2026-04-20 00:14:31,2026-04-20 00:34:33,20.1,0.000273,0.000281,-0.36,-1.82,-0.58,-2.87,0.22,1.05,NO_FOLLOW_THROUGH
RAVEUSDT,SELL,2026-04-19 21:28:27,2026-04-19 21:36:21,7.9,0.532274,0.537194,0.02,0.1,-0.19,-0.92,0.21,1.02,SL
RAVEUSDT,SELL,2026-04-20 02:27:02,2026-04-20 02:48:53,21.9,0.501035,0.503054,0.12,0.6,-0.09,-0.4,0.21,1.0,NO_FOLLOW_THROUGH
ASTEROIDUSDT,BUY,2026-04-20 07:33:33,2026-04-20 07:53:34,20.0,0.000362,0.000358,-0.04,-0.18,-0.25,-1.22,0.21,1.04,NO_FOLLOW_THROUGH
BULLAUSDT,BUY,2026-04-19 23:49:42,2026-04-20 00:09:33,19.9,0.011214,0.011096,-0.03,-0.17,-0.22,-1.06,0.19,0.89,SL
PIEVERSEUSDT,SELL,2026-04-20 13:17:12,2026-04-20 13:18:28,1.3,0.944022,0.95279,-0.0,-0.02,-0.19,-0.93,0.19,0.91,SL
SKYAIUSDT,SELL,2026-04-20 09:56:01,2026-04-20 10:17:16,21.3,0.160242,0.161072,0.03,0.16,-0.11,-0.52,0.14,0.68,NO_FOLLOW_THROUGH
RAVEUSDT,SELL,2026-04-20 12:11:25,2026-04-20 12:31:59,20.6,0.580714,0.576794,0.25,1.23,0.13,0.67,0.12,0.56,MOMENTUM_FADE
GENIUSUSDT,SELL,2026-04-20 09:46:24,2026-04-20 10:07:04,20.7,0.587612,0.585046,0.17,0.83,0.08,0.44,0.09,0.39,MOMENTUM_FADE
GENIUSUSDT,SELL,2026-04-20 11:32:50,2026-04-20 11:44:10,11.3,0.594881,0.595825,0.05,0.27,-0.04,-0.16,0.09,0.43,SL
RAVEUSDT,SELL,2026-04-20 12:33:38,2026-04-20 12:53:37,20.0,0.569236,0.571303,-0.0,-0.01,-0.08,-0.36,0.08,0.35,NO_FOLLOW_THROUGH
SKYAIUSDT,SELL,2026-04-20 10:51:01,2026-04-20 11:15:08,24.1,0.157447,0.158291,-0.06,-0.32,-0.12,-0.54,0.06,0.22,NO_FOLLOW_THROUGH
SKYAIUSDT,SELL,2026-04-20 10:21:29,2026-04-20 10:41:29,20.0,0.160116,0.160222,-0.0,-0.01,-0.02,-0.07,0.02,0.06,MOMENTUM_FADE
PIEVERSEUSDT,SELL,2026-04-20 14:06:36,2026-04-20 14:26:51,20.3,0.817273,0.816667,0.03,0.16,0.01,0.07,0.02,0.09,MOMENTUM_FADE
GENIUSUSDT,SELL,2026-04-20 13:57:35,2026-04-20 14:20:16,22.7,0.580984,0.580645,0.01,0.06,0.0,0.06,0.01,0.0,MOMENTUM_FADE
SKYAIUSDT,SELL,2026-04-20 09:26:31,2026-04-20 09:47:55,21.4,0.161641,0.160334,0.11,0.56,0.15,0.81,-0.04,-0.25,MOMENTUM_FADE
GENIUSUSDT,SELL,2026-04-20 05:45:50,2026-04-20 06:06:20,20.5,0.614477,0.609952,0.04,0.21,0.14,0.74,-0.1,-0.53,MOMENTUM_FADE
ASTEROIDUSDT,BUY,2026-04-20 15:16:20,2026-04-20 16:36:02,79.7,0.000348,0.000397,2.51,12.55,2.84,14.24,-0.33,-1.69,TRAIL_STOP
RAVEUSDT,SELL,2026-04-19 21:08:03,2026-04-19 21:28:05,20.0,0.539722,0.532093,-0.28,-1.39,0.27,1.41,-0.55,-2.8,MOMENTUM_FADE
BULLAUSDT,BUY,2026-04-20 00:18:25,2026-04-20 00:30:04,11.7,0.011265,0.011735,0.28,1.38,0.83,4.18,-0.55,-2.8,TRAIL_STOP
PIEVERSEUSDT,SELL,2026-04-20 13:30:07,2026-04-20 13:55:09,25.1,0.911735,0.615175,4.34,21.69,6.5,32.53,-2.16,-10.84,TRAIL_STOP
SKYAIUSDT,SELL,2026-04-20 03:20:04,2026-04-20 03:43:03,23.0,0.148211,0.097071,1.17,5.87,6.88,34.51,-5.71,-28.64,TRAIL_STOP
BULLAUSDT,BUY,2026-04-19 19:01:35,2026-04-19 19:14:24,12.8,0.010734,0.010397,,,-0.65,-3.14,,,SL
RAVEUSDT,SELL,2026-04-19 21:43:04,2026-04-19 21:43:07,0.1,0.554079,0.565293,,,-0.42,-2.02,,,SL
PIEVERSEUSDT,BUY,2026-04-20 01:05:33,2026-04-20 01:11:05,5.5,1.4359,1.4162,,,-0.28,-1.37,,,SL
BULLAUSDT,BUY,2026-04-20 01:09:03,2026-04-20 01:12:09,3.1,0.012025,0.011406,,,-1.03,-5.15,,,SL
PIEVERSEUSDT,BUY,2026-04-20 01:15:15,2026-04-20 01:20:03,4.8,1.3003,1.2252,,,-1.15,-5.78,,,SL
SKYAIUSDT,SELL,2026-04-20 03:48:19,2026-04-20 03:49:35,1.3,0.130202,0.141575,,,-1.74,-8.74,,,SL
SKYAIUSDT,SELL,2026-04-20 06:10:13,2026-04-20 06:14:15,4.0,0.162715,0.169331,,,-0.82,-4.07,,,SL
ASTEROIDUSDT,BUY,2026-04-20 06:22:28,2026-04-20 06:24:25,1.9,0.000363,0.000355,,,-0.44,-2.17,,,SL
SKYAIUSDT,SELL,2026-04-20 06:29:55,2026-04-20 06:31:00,1.1,0.153828,0.161392,,,-1.0,-4.92,,,SL
RAVEUSDT,SELL,2026-04-20 13:55:10,2026-04-20 13:57:07,1.9,0.609811,0.617932,,,-0.27,-1.33,,,SL
PIEVERSEUSDT,SELL,2026-04-20 14:31:07,2026-04-20 14:32:32,1.4,0.823071,0.846757,,,-0.58,-2.88,,,SL
GENIUSUSDT,SELL,2026-04-20 15:22:12,2026-04-20 15:25:44,3.6,0.577029,0.580509,,,-0.13,-0.6,,,SL
PIEVERSEUSDT,SELL,2026-04-20 16:08:59,2026-04-20 16:13:10,4.2,0.956289,0.990737,,,-0.73,-3.6,,,SL
PIEVERSEUSDT,SELL,2026-04-20 16:20:27,2026-04-20 16:25:55,5.5,0.956489,1.0113,,,-1.15,-5.73,,,SL
