timestamp,open,high,low,close,volume
1772409900000,31.72400,31.89800,31.72400,31.85800,1941.87
1772409960000,31.86000,31.86000,31.75900,31.77100,782.02
1772410020000,31.78300,31.87800,31.77200,31.87800,224.00
1772410080000,31.86800,31.94900,31.83500,31.89400,1118.68
1772410140000,31.91500,31.92200,31.87200,31.90600,279.62
1772410200000,31.92000,32.03800,31.91900,31.93000,1377.88
1772410260000,31.96100,32.04800,31.94500,31.94500,800.61
1772410320000,31.94600,31.96500,31.85100,31.85500,732.63
1772410380000,31.85600,31.86400,31.83600,31.83600,293.45
1772410440000,31.83600,31.90900,31.81300,31.82300,1155.54
1772410500000,31.81500,31.81500,31.76300,31.80800,1001.41
1772410560000,31.79300,31.98600,31.77500,31.98600,597.85
1772410620000,31.99100,32.09000,31.91900,31.92400,2139.86
1772410680000,31.92900,32.04000,31.92000,32.01900,998.69
1772410740000,32.04600,32.04600,32.00100,32.04500,244.45
1772410800000,32.07900,32.12200,32.07300,32.10400,930.06
1772410860000,32.10600,32.15700,32.10600,32.15000,797.06
1772410920000,32.15600,32.34900,32.15600,32.30600,2140.51
1772410980000,32.30300,32.54700,32.30300,32.52200,5033.65
1772411040000,32.53200,32.63200,32.47900,32.63200,4959.04
1772411100000,32.62700,32.63600,32.53800,32.63300,3673.91
1772411160000,32.63900,32.71600,32.59400,32.69000,3492.92
1772411220000,32.69500,32.69500,32.57200,32.58600,2192.00
1772411280000,32.57200,32.57200,32.45800,32.45800,1744.66
1772411340000,32.46400,32.57500,32.46400,32.57500,1411.63
1772411400000,32.55200,32.56400,32.45800,32.47000,848.65
1772411460000,32.47400,32.48200,32.34000,32.38000,936.66
1772411520000,32.37300,32.37300,32.28200,32.28200,980.81
1772411580000,32.28900,32.28900,32.24100,32.24500,985.71
1772411640000,32.25400,32.29300,32.21600,32.22800,792.62
1772411700000,32.22400,32.28400,32.21600,32.27200,1156.25
1772411760000,32.25800,32.27200,32.21000,32.21000,312.57
1772411820000,32.21000,32.26900,32.17200,32.23100,446.36
1772411880000,32.26000,32.38400,32.26000,32.38000,597.09
1772411940000,32.36200,32.38500,32.32100,32.38300,496.63
1772412000000,32.38600,32.42100,32.29500,32.29500,730.03
1772412060000,32.29800,32.38200,32.27100,32.37400,864.36
1772412120000,32.38800,32.43700,32.36500,32.39400,4978.64
1772412180000,32.39100,32.44400,32.38400,32.39000,370.52
1772412240000,32.37600,32.47600,32.37600,32.47600,221.27
1772412300000,32.48100,32.53400,32.45000,32.46700,1459.93
1772412360000,32.46600,32.48500,32.41300,32.46400,619.78
1772412420000,32.45100,32.50500,32.41500,32.48500,834.29
1772412480000,32.46700,32.52800,32.46700,32.51000,1032.96
1772412540000,32.48500,32.49400,32.44700,32.48700,527.83
1772412600000,32.46300,32.46300,32.39600,32.42100,168.78
1772412660000,32.41800,32.47900,32.41800,32.42200,164.39
1772412720000,32.41300,32.53900,32.41300,32.48700,288.52
1772412780000,32.52400,32.54700,32.50500,32.52600,511.56
1772412840000,32.51500,32.53100,32.46300,32.49900,376.77
1772412900000,32.51700,32.53600,32.44500,32.49900,399.32
1772412960000,32.49800,32.51200,32.44600,32.46900,838.25
1772413020000,32.45300,32.52800,32.44700,32.47800,172.70
1772413080000,32.48200,32.49800,32.44600,32.44800,155.53
1772413140000,32.44600,32.48700,32.42500,32.43100,150.01
1772413200000,32.42500,32.44700,32.34200,32.35000,750.66
1772413260000,32.34400,32.35500,32.27600,32.28500,1059.17
1772413320000,32.27700,32.37000,32.26200,32.36800,467.55
1772413380000,32.36200,32.45900,32.36200,32.40500,608.84
1772413440000,32.40600,32.45500,32.36500,32.39600,483.37
1772413500000,32.37600,32.46600,32.34900,32.44300,444.83
1772413560000,32.44900,32.45000,32.26800,32.28800,902.24
1772413620000,32.28100,32.28200,32.14800,32.15600,1464.28
1772413680000,32.15900,32.29900,32.11500,32.29300,2246.46
1772413740000,32.30000,32.32600,32.28100,32.32500,705.80
1772413800000,32.32500,32.41400,32.32000,32.39900,1260.91
1772413860000,32.41500,32.46800,32.35700,32.35800,575.69
1772413920000,32.35900,32.49700,32.35900,32.49700,1228.60
1772413980000,32.49500,32.63100,32.49500,32.58900,1442.52
1772414040000,32.58400,32.59000,32.49900,32.59000,974.38
1772414100000,32.61000,32.63000,32.57000,32.62300,551.59
1772414160000,32.62900,32.68400,32.58200,32.58200,574.23
1772414220000,32.58200,32.58200,32.43400,32.45400,1087.86
1772414280000,32.45700,32.45900,32.32900,32.35500,1258.08
1772414340000,32.34700,32.35800,32.32900,32.34800,509.14
1772414400000,32.35400,32.35400,32.20000,32.22900,573.40
1772414460000,32.23300,32.23300,32.18100,32.21100,581.60
1772414520000,32.19400,32.19400,32.13200,32.13200,2070.50
1772414580000,32.13200,32.17700,32.10700,32.16900,437.40
1772414640000,32.18900,32.19400,32.16200,32.16200,400.75
1772414700000,32.16200,32.19200,32.10100,32.19200,283.90
1772414760000,32.22900,32.30000,32.22900,32.30000,1291.26
1772414820000,32.29900,32.31400,32.27700,32.30400,1076.46
1772414880000,32.30700,32.30700,32.25000,32.27600,263.29
1772414940000,32.24300,32.31400,32.22700,32.31100,270.77
1772415000000,32.31400,32.33600,32.28000,32.31700,377.39
1772415060000,32.31700,32.34800,32.24100,32.24100,340.65
1772415120000,32.24100,32.40000,32.24100,32.40000,589.95
1772415180000,32.36100,32.39900,32.32400,32.39900,320.31
1772415240000,32.39200,32.39200,32.26400,32.27700,224.97
1772415300000,32.27800,32.27800,32.16900,32.20400,435.98
1772415360000,32.20000,32.24300,32.18800,32.24300,778.88
1772415420000,32.23500,32.25000,32.16700,32.16700,256.52
1772415480000,32.14900,32.14900,32.08500,32.08500,567.79
1772415540000,32.08500,32.11400,32.04000,32.10000,1596.01
1772415600000,32.10400,32.21400,32.10400,32.21400,1593.41
1772415660000,32.20400,32.21200,32.16800,32.19200,525.00
1772415720000,32.16100,32.21300,32.14900,32.18400,315.89
1772415780000,32.17700,32.17700,32.11100,32.12400,642.27
1772415840000,32.11700,32.11700,31.92400,31.93700,4092.21
1772415900000,31.94200,32.03500,31.94200,32.02200,2533.94
1772415960000,32.03300,32.06500,31.99900,32.06300,1221.16
1772416020000,32.07900,32.09800,32.07100,32.09500,320.00
1772416080000,32.08000,32.10000,32.02700,32.02700,260.23
1772416140000,32.01900,32.09300,31.98000,32.06900,911.45
1772416200000,32.06500,32.18700,32.05200,32.18700,354.51
1772416260000,32.16700,32.22300,32.16400,32.22300,441.43
1772416320000,32.22900,32.32500,32.22900,32.32500,275.85
1772416380000,32.32600,32.37500,32.32600,32.36500,219.23
1772416440000,32.38200,32.38700,32.32500,32.34300,560.78
1772416500000,32.35000,32.37100,32.33200,32.36700,500.97
1772416560000,32.35800,32.35900,32.24100,32.24600,748.53
1772416620000,32.24100,32.24100,32.21900,32.22700,251.55
1772416680000,32.21400,32.25000,32.21000,32.23300,159.27
1772416740000,32.22200,32.24200,32.21300,32.23100,117.75
1772416800000,32.24200,32.26600,32.20400,32.23500,810.95
1772416860000,32.24500,32.32600,32.24500,32.31800,324.20
1772416920000,32.31300,32.32300,32.24300,32.24700,274.24
1772416980000,32.24800,32.25700,32.12500,32.14700,406.87
1772417040000,32.17000,32.17000,32.12000,32.15800,528.13
1772417100000,32.15800,32.20100,32.09300,32.09400,886.65
1772417160000,32.09300,32.09400,31.91200,31.91200,1033.26
1772417220000,31.93500,31.97200,31.92900,31.95100,947.99
1772417280000,31.93300,31.95800,31.85600,31.92000,2888.11
1772417340000,31.90000,31.90400,31.85200,31.89200,2088.29
1772417400000,31.86500,31.86500,31.77100,31.77800,2296.43
1772417460000,31.76600,31.88400,31.75800,31.88400,1350.40
1772417520000,31.89400,31.93100,31.89300,31.90300,699.65
1772417580000,31.92500,31.99200,31.92500,31.96400,521.32
1772417640000,31.95100,32.01500,31.95100,32.01500,428.57
1772417700000,32.01500,32.03500,31.93000,31.93000,579.45
1772417760000,31.92000,31.92800,31.84600,31.84700,636.51
1772417820000,31.84600,31.85500,31.83600,31.85000,334.60
1772417880000,31.83600,31.85800,31.83100,31.83100,133.84
1772417940000,31.82000,31.84500,31.81200,31.81400,378.12
1772418000000,31.81300,31.82000,31.76500,31.78500,536.13
1772418060000,31.79200,31.81000,31.67800,31.70000,703.57
1772418120000,31.70800,31.76800,31.70600,31.76800,1253.52
1772418180000,31.75400,31.92600,31.75400,31.92600,659.52
1772418240000,31.91700,31.95700,31.90600,31.92700,269.57
1772418300000,31.92100,31.92800,31.77100,31.77100,135.22
1772418360000,31.77100,31.88100,31.77100,31.84700,165.01
1772418420000,31.84700,31.90000,31.84700,31.89800,251.29
1772418480000,31.90000,31.90000,31.82400,31.86100,74.01
1772418540000,31.85900,31.92000,31.85500,31.92000,61.72
1772418600000,31.94000,31.98400,31.91000,31.96300,497.80
1772418660000,31.98600,31.99200,31.93600,31.94000,240.13
1772418720000,31.93800,31.95000,31.90400,31.93200,122.68
1772418780000,31.94700,31.99900,31.93700,31.98800,166.50
1772418840000,31.99800,32.03100,31.99400,32.00600,557.21
1772418900000,32.00200,32.03400,31.93900,31.99600,485.90
1772418960000,32.00100,32.00400,31.96900,31.98600,844.54
1772419020000,31.98500,32.07500,31.98500,32.04700,1194.06
1772419080000,32.04300,32.14300,32.03300,32.14300,933.54
1772419140000,32.14400,32.16700,32.02600,32.03500,1368.66
1772419200000,32.05700,32.05800,31.96000,31.96000,634.33
1772419260000,31.96000,31.96000,31.85400,31.87100,792.76
1772419320000,31.88100,31.90700,31.86900,31.87800,217.47
1772419380000,31.88100,31.92000,31.88000,31.92000,664.84
1772419440000,31.92600,31.97200,31.92600,31.92900,206.15
1772419500000,31.96000,31.97500,31.93900,31.97500,140.45
1772419560000,31.95700,31.99400,31.95700,31.99400,151.32
1772419620000,31.99200,32.01900,31.98100,32.01900,119.16
1772419680000,32.00600,32.07800,32.00400,32.06600,543.98
1772419740000,32.07800,32.07800,31.98800,31.98800,256.37
1772419800000,31.99200,32.00600,31.87800,31.90000,1336.47
1772419860000,31.90100,31.93800,31.89200,31.89300,1579.64
1772419920000,31.88900,31.90800,31.80000,31.83000,1067.58
1772419980000,31.86100,31.88600,31.82700,31.88600,588.96
1772420040000,31.89200,31.89200,31.84000,31.87700,182.98
1772420100000,31.88100,31.94300,31.87000,31.94300,107.72
1772420160000,31.94400,31.95700,31.92300,31.95700,95.12
1772420220000,31.95900,31.97200,31.89100,31.92000,58.05
1772420280000,31.92500,31.93500,31.88300,31.88500,396.14
1772420340000,31.87200,31.88400,31.83600,31.86600,72.31
1772420400000,31.88200,31.89700,31.80100,31.80100,167.91
1772420460000,31.80200,31.81600,31.74600,31.74600,332.19
1772420520000,31.74600,31.74600,31.71300,31.71300,332.34
1772420580000,31.71300,31.72900,31.64500,31.64800,2484.77
1772420640000,31.66000,31.74100,31.66000,31.71700,749.28
1772420700000,31.72600,31.80300,31.72600,31.80300,309.87
1772420760000,31.79700,31.79800,31.72400,31.78300,449.87
1772420820000,31.77400,31.78900,31.74700,31.78300,269.91
1772420880000,31.78100,31.78700,31.75600,31.78300,174.76
1772420940000,31.78700,31.79900,31.67000,31.68500,132.27
1772421000000,31.68600,31.73500,31.68600,31.72400,176.13
1772421060000,31.70200,31.81200,31.69700,31.81200,994.96
1772421120000,31.83000,31.85600,31.78700,31.80000,372.45
1772421180000,31.80000,31.82700,31.74700,31.82700,143.93
1772421240000,31.81500,31.83200,31.75700,31.76500,137.17
1772421300000,31.73600,31.78800,31.73600,31.75900,189.60
1772421360000,31.77000,31.82600,31.73300,31.82600,125.61
1772421420000,31.82800,31.83900,31.79400,31.83900,485.13
1772421480000,31.82500,31.83500,31.77300,31.78000,271.54
1772421540000,31.76700,31.82000,31.76700,31.81500,592.93
1772421600000,31.83200,31.89000,31.68300,31.71300,1088.86
1772421660000,31.71400,31.74800,31.69500,31.73500,378.99
1772421720000,31.75700,31.80600,31.73800,31.73800,300.35
1772421780000,31.73800,31.76500,31.73400,31.75800,202.45
1772421840000,31.76200,31.87600,31.74500,31.87100,108.68
1772421900000,31.87600,31.87600,31.81200,31.82300,108.61
1772421960000,31.82900,31.83600,31.75200,31.77600,58.40
1772422020000,31.80900,31.86800,31.80100,31.84400,56.23
1772422080000,31.87200,31.87700,31.84100,31.87000,1690.74
1772422140000,31.86600,31.87200,31.84700,31.86000,43.68
1772422200000,31.85400,31.87100,31.80200,31.87100,61.94
1772422260000,31.87800,31.94200,31.87800,31.94200,1964.85
1772422320000,31.93700,31.99900,31.93700,31.96900,834.45
1772422380000,31.98100,32.03400,31.94800,32.01200,1225.08
1772422440000,32.01900,32.03900,32.01000,32.03200,286.31
1772422500000,32.03200,32.08400,32.03200,32.08400,207.23
1772422560000,32.08500,32.09600,31.98700,31.99400,575.88
1772422620000,31.99200,32.03400,31.98600,32.01600,89.44
1772422680000,32.02100,32.02100,31.99300,32.01300,86.08
1772422740000,32.03500,32.04000,31.99200,31.99800,268.81
1772422800000,32.01000,32.03100,32.00500,32.03100,62.09
1772422860000,32.03500,32.13100,32.03500,32.13100,609.83
1772422920000,32.13200,32.14300,32.03300,32.04100,614.01
1772422980000,32.03300,32.03600,32.01900,32.02900,118.94
1772423040000,32.02000,32.11600,32.01900,32.11600,68.17
1772423100000,32.11800,32.13900,32.09100,32.12700,960.90
1772423160000,32.14400,32.15200,32.11500,32.13200,680.01
1772423220000,32.13800,32.13800,32.08800,32.09200,201.48
1772423280000,32.08200,32.12500,32.04900,32.12500,101.91
1772423340000,32.12600,32.14500,32.05300,32.07300,124.20
1772423400000,32.07300,32.10300,32.04000,32.04400,45.22
1772423460000,32.07700,32.11400,32.04900,32.11400,47.65
1772423520000,32.11800,32.19400,32.10700,32.14700,166.59
1772423580000,32.14200,32.14700,32.09800,32.12900,110.39
1772423640000,32.11300,32.11300,32.03100,32.07100,138.13
1772423700000,32.04800,32.06800,32.02900,32.05700,102.28
1772423760000,32.05200,32.07100,32.02700,32.04000,50.21
1772423820000,32.04100,32.04100,32.00900,32.01600,66.41
1772423880000,32.00700,32.01000,32.00000,32.01000,122.42
1772423940000,32.01200,32.04000,32.01200,32.03000,52.35
1772424000000,32.04200,32.04200,31.99500,32.03300,49.50
1772424060000,32.02600,32.03700,31.98700,31.99000,428.75
1772424120000,32.00500,32.05300,32.00500,32.03600,104.32
1772424180000,32.03600,32.06400,32.03600,32.05000,84.52
1772424240000,32.01500,32.01500,31.97200,31.98700,270.46
1772424300000,31.96000,32.00400,31.85000,32.00000,937.84
1772424360000,32.00100,32.01100,31.93100,31.94500,177.16
1772424420000,31.93900,31.93900,31.86300,31.88200,262.29
1772424480000,31.89100,31.93500,31.89100,31.92100,137.35
1772424540000,31.92100,31.96800,31.91900,31.94500,105.68
1772424600000,31.94100,31.98700,31.94100,31.98400,93.22
1772424660000,31.98700,32.03000,31.98700,32.02700,811.20
1772424720000,32.02700,32.02700,31.95300,31.95300,89.92
1772424780000,31.96100,31.96300,31.94800,31.96100,78.25
1772424840000,31.96600,32.01600,31.87800,31.88100,462.12
1772424900000,31.87800,31.89200,31.79800,31.80400,795.63
1772424960000,31.79800,31.80100,31.77600,31.79600,512.96
1772425020000,31.79300,31.79700,31.60000,31.62900,2261.29
1772425080000,31.63300,31.69100,31.60300,31.69100,1446.63
1772425140000,31.67700,31.69600,31.62500,31.65300,699.22
1772425200000,31.66700,31.71600,31.65900,31.71600,451.12
1772425260000,31.71800,31.75100,31.71800,31.74100,371.04
1772425320000,31.74700,31.74700,31.66300,31.67200,730.79
1772425380000,31.67800,31.67800,31.57400,31.59900,2407.09
1772425440000,31.62300,31.66400,31.60600,31.64300,1314.13
1772425500000,31.64400,31.65300,31.55800,31.55800,375.27
1772425560000,31.56300,31.64100,31.54200,31.63900,2263.09
1772425620000,31.63900,31.66100,31.60000,31.60000,1006.30
1772425680000,31.60500,31.64800,31.60500,31.62500,130.48
1772425740000,31.62500,31.64300,31.60600,31.63000,466.50
1772425800000,31.63700,31.66300,31.59400,31.65500,862.87
1772425860000,31.66300,31.74300,31.66300,31.74000,975.93
1772425920000,31.73700,31.74200,31.68800,31.72800,303.70
1772425980000,31.74000,31.78100,31.66600,31.67000,371.57
1772426040000,31.67500,31.67700,31.52500,31.57100,3086.56
1772426100000,31.60000,31.63900,31.49800,31.50200,1335.45
1772426160000,31.52800,31.54600,31.44900,31.47900,1825.91
1772426220000,31.49100,31.53100,31.49100,31.51300,491.59
1772426280000,31.51800,31.58800,31.51800,31.58200,153.48
1772426340000,31.56500,31.56500,31.47700,31.50700,1195.67
1772426400000,31.50300,31.50900,31.48700,31.49900,296.25
1772426460000,31.49900,31.56000,31.49900,31.52500,71.90
1772426520000,31.52600,31.53400,31.40500,31.42900,1069.36
1772426580000,31.46900,31.47300,31.44500,31.46500,937.45
1772426640000,31.48900,31.52400,31.47500,31.51900,361.25
1772426700000,31.51100,31.53200,31.50600,31.51300,267.53
1772426760000,31.50400,31.53300,31.49600,31.52000,188.02
1772426820000,31.51700,31.52200,31.50200,31.50700,119.46
1772426880000,31.51300,31.51300,31.48600,31.49400,86.02
1772426940000,31.50200,31.52800,31.48900,31.51100,113.29
1772427000000,31.49800,31.49800,31.40500,31.40500,816.18
1772427060000,31.42700,31.45000,31.37200,31.41100,847.65
1772427120000,31.41900,31.50600,31.41600,31.48500,494.00
1772427180000,31.48100,31.49700,31.45200,31.46000,109.55
1772427240000,31.46500,31.48400,31.46500,31.47800,331.81
1772427300000,31.44000,31.44000,31.33200,31.33200,237.58
1772427360000,31.35000,31.41800,31.35000,31.39200,279.66
1772427420000,31.40200,31.42000,31.39100,31.39800,68.73
1772427480000,31.39100,31.39600,31.35900,31.36100,130.71
1772427540000,31.37100,31.41100,31.36000,31.39600,141.92
1772427600000,31.39700,31.41300,31.36700,31.36700,224.49
1772427660000,31.37200,31.37200,31.18700,31.27800,1816.35
1772427720000,31.25700,31.25700,31.20600,31.22200,1748.49
1772427780000,31.21800,31.25200,31.21800,31.24300,576.40
1772427840000,31.23400,31.24700,31.20000,31.20100,212.24
1772427900000,31.18700,31.18700,31.08200,31.10200,1890.02
1772427960000,31.12300,31.13200,31.05800,31.06100,1725.09
1772428020000,31.07600,31.07600,31.01400,31.05300,1204.09
1772428080000,31.05300,31.06800,31.02500,31.03400,410.80
1772428140000,31.02900,31.05200,30.91200,30.91800,1504.52
1772428200000,30.93100,30.96300,30.84200,30.84200,2664.59
1772428260000,30.85100,30.87300,30.84000,30.86700,2343.65
1772428320000,30.86600,30.93600,30.85500,30.93600,1072.89
1772428380000,30.92700,30.96200,30.91900,30.93200,309.83
1772428440000,30.94000,30.95900,30.91200,30.91500,407.20
1772428500000,30.93100,31.01300,30.93100,31.00800,403.17
1772428560000,31.00700,31.03700,30.98300,30.98300,1011.25
1772428620000,31.00800,31.04900,30.97800,31.04300,1096.28
1772428680000,31.03900,31.09300,31.03000,31.07500,552.44
1772428740000,31.06500,31.09000,31.05500,31.05500,773.10
1772428800000,31.06500,31.06500,31.01800,31.01800,292.87
1772428860000,31.01900,31.04200,31.01500,31.01500,129.83
1772428920000,31.06600,31.09300,31.04800,31.04800,204.76
1772428980000,31.04500,31.06900,31.01200,31.02300,171.60
1772429040000,30.99600,31.00500,30.92800,31.00100,1047.10
1772429100000,31.00500,31.03900,31.00500,31.02600,363.68
1772429160000,31.02800,31.08600,31.02700,31.03600,165.02
1772429220000,31.03000,31.05600,30.99000,31.03000,552.61
1772429280000,31.04300,31.06800,31.04300,31.06800,118.51
1772429340000,31.07700,31.07700,31.03600,31.04100,123.30
1772429400000,31.04100,31.06800,31.03200,31.06800,120.49
1772429460000,31.07400,31.09800,31.06300,31.09600,339.38
1772429520000,31.09400,31.09900,31.05900,31.06900,120.49
1772429580000,31.06900,31.09600,31.06900,31.09000,91.12
1772429640000,31.09000,31.10500,31.08500,31.08600,162.30
1772429700000,31.07100,31.08300,31.06600,31.07800,560.23
1772429760000,31.06000,31.10800,31.03400,31.07700,240.88
1772429820000,31.07700,31.11400,31.07700,31.10800,453.95
1772429880000,31.12500,31.17500,31.10700,31.15400,294.57
1772429940000,31.14000,31.14900,31.11300,31.13500,314.45
1772430000000,31.13900,31.15400,31.12200,31.13200,1004.33
1772430060000,31.10200,31.11000,31.08300,31.10700,186.52
1772430120000,31.09800,31.15900,31.09800,31.14500,101.54
1772430180000,31.16700,31.19700,31.16300,31.18400,680.37
1772430240000,31.18500,31.21600,31.17200,31.19500,354.72
1772430300000,31.19100,31.19500,31.10500,31.11100,220.82
1772430360000,31.11800,31.13800,31.09200,31.09900,151.95
1772430420000,31.11500,31.11600,31.07400,31.07400,241.49
1772430480000,31.07400,31.08300,31.05800,31.05800,226.57
1772430540000,31.05800,31.09300,31.05800,31.08800,118.42
1772430600000,31.09400,31.10800,31.05900,31.06900,169.96
1772430660000,31.06900,31.06900,31.01900,31.01900,271.43
1772430720000,31.01400,31.02000,31.00600,31.00600,735.58
1772430780000,31.01100,31.08100,31.00700,31.08100,219.77
1772430840000,31.05800,31.06700,31.04900,31.06300,164.74
1772430900000,31.05600,31.06400,31.00500,31.00500,230.19
1772430960000,31.00300,31.00900,30.92400,30.92400,642.36
1772431020000,30.92400,30.92900,30.90200,30.92800,338.71
1772431080000,30.92300,30.99000,30.90100,30.97300,792.23
1772431140000,30.99000,30.99000,30.94800,30.99000,685.59
1772431200000,30.99000,30.99400,30.79000,30.80200,3313.71
1772431260000,30.81100,30.81900,30.76000,30.78200,1819.03
1772431320000,30.77500,30.81400,30.77500,30.80900,1536.31
1772431380000,30.81300,30.81300,30.71200,30.74700,1932.73
1772431440000,30.76800,30.78100,30.73000,30.73100,525.05
1772431500000,30.73000,30.76000,30.66600,30.75100,444.96
1772431560000,30.75100,30.80700,30.75100,30.80000,629.59
1772431620000,30.79300,30.79900,30.72800,30.73900,192.21
1772431680000,30.73900,30.74100,30.70300,30.73700,102.49
1772431740000,30.74800,30.75300,30.70600,30.71200,507.97
1772431800000,30.73300,30.81100,30.71500,30.81100,123.08
1772431860000,30.79400,30.79500,30.75500,30.77600,2109.56
1772431920000,30.78300,30.78300,30.72800,30.73200,145.12
1772431980000,30.73700,30.74200,30.69700,30.69700,626.51
1772432040000,30.69600,30.69600,30.67600,30.68700,369.30
1772432100000,30.69200,30.72600,30.69200,30.70100,165.90
1772432160000,30.70000,30.71100,30.66700,30.66700,153.13
1772432220000,30.68500,30.68500,30.55800,30.57500,963.35
1772432280000,30.59100,30.59100,30.51900,30.54100,6131.21
1772432340000,30.54800,30.54800,30.35900,30.39000,4690.74
1772432400000,30.40800,30.46200,30.39900,30.44200,3658.61
1772432460000,30.42500,30.45000,30.42500,30.44000,593.46
1772432520000,30.41300,30.47000,30.40700,30.45900,609.22
1772432580000,30.45600,30.48200,30.42200,30.44100,2612.95
1772432640000,30.42200,30.47600,30.42200,30.43100,368.79
1772432700000,30.43700,30.52300,30.41300,30.52300,395.85
1772432760000,30.51600,30.54800,30.51000,30.54300,1128.83
1772432820000,30.54900,30.59200,30.54700,30.59200,787.04
1772432880000,30.60000,30.61200,30.57300,30.61200,799.07
1772432940000,30.61200,30.65600,30.60700,30.64600,650.90
1772433000000,30.64200,30.65000,30.58800,30.62300,4178.90
1772433060000,30.62100,30.68300,30.62100,30.67900,841.60
1772433120000,30.67700,30.67700,30.64100,30.66800,261.61
1772433180000,30.67600,30.69600,30.66500,30.66500,709.61
1772433240000,30.66600,30.68600,30.66500,30.68500,263.69
1772433300000,30.68400,30.68400,30.60300,30.61200,394.04
1772433360000,30.64100,30.64100,30.58100,30.59500,663.14
1772433420000,30.59100,30.59900,30.54600,30.54800,226.63
1772433480000,30.56400,30.61500,30.54900,30.58600,232.32
1772433540000,30.58400,30.58400,30.54000,30.54000,428.86
1772433600000,30.54000,30.55600,30.52000,30.53100,178.83
1772433660000,30.53000,30.56600,30.52500,30.56500,963.14
1772433720000,30.55700,30.63900,30.54500,30.63900,198.12
1772433780000,30.62900,30.63400,30.56600,30.56900,180.61
1772433840000,30.56900,30.60600,30.56400,30.56700,249.90
1772433900000,30.56900,30.59900,30.56700,30.59900,263.03
1772433960000,30.59900,30.59900,30.55400,30.56400,357.48
1772434020000,30.55800,30.57000,30.54100,30.56400,192.59
1772434080000,30.55600,30.55800,30.52200,30.52200,146.38
1772434140000,30.52600,30.62300,30.52600,30.61300,265.26
1772434200000,30.61500,30.61500,30.60400,30.60400,431.45
1772434260000,30.60400,30.61900,30.51000,30.51000,1529.54
1772434320000,30.54900,30.56800,30.49400,30.54000,573.98
1772434380000,30.53900,30.53900,30.48500,30.50000,410.42
1772434440000,30.51600,30.51600,30.41200,30.43000,2471.28
1772434500000,30.42900,30.44300,30.41500,30.43200,518.55
1772434560000,30.41800,30.44200,30.38400,30.38400,689.58
1772434620000,30.38400,30.42700,30.35200,30.35200,882.17
1772434680000,30.35200,30.35500,30.27200,30.28200,2995.66
1772434740000,30.28300,30.34900,30.28200,30.34900,3563.52
1772434800000,30.34200,30.34800,30.31600,30.32900,1097.85
1772434860000,30.32700,30.32700,30.25700,30.30100,1113.87
1772434920000,30.29100,30.29100,30.21600,30.22100,1797.81
1772434980000,30.22600,30.26900,30.21000,30.26700,825.60
1772435040000,30.27300,30.31400,30.27300,30.28100,555.77
1772435100000,30.29300,30.30700,30.24900,30.24900,250.45
1772435160000,30.25000,30.26900,30.20900,30.20900,613.50
1772435220000,30.21100,30.21100,30.16000,30.18500,2262.76
1772435280000,30.18200,30.19000,30.13300,30.13300,911.89
1772435340000,30.13600,30.15200,30.07900,30.07900,1054.14
1772435400000,30.07500,30.08600,29.97700,30.05900,5001.99
1772435460000,30.07600,30.10600,29.99900,29.99900,2319.97
1772435520000,30.02800,30.08400,30.02800,30.06900,540.07
1772435580000,30.06700,30.08300,30.01300,30.04800,927.04
1772435640000,30.04900,30.06500,30.04200,30.06000,814.81
1772435700000,30.05700,30.08100,30.05500,30.08100,252.33
1772435760000,30.09200,30.19500,30.09200,30.14300,1476.80
1772435820000,30.14300,30.16100,30.10300,30.12200,1166.01
1772435880000,30.14700,30.14800,30.09200,30.12500,444.55
1772435940000,30.11800,30.14600,30.10600,30.14000,299.60
1772436000000,30.13300,30.18300,30.13300,30.18300,759.85
1772436060000,30.19300,30.22700,30.16600,30.22700,1012.34
1772436120000,30.22200,30.23900,30.20200,30.22100,499.71
1772436180000,30.21500,30.26700,30.21500,30.26700,1134.28
1772436240000,30.26700,30.29900,30.26000,30.26000,817.43
1772436300000,30.26400,30.27100,30.20700,30.26700,305.58
1772436360000,30.25900,30.26800,30.23300,30.26100,194.32
1772436420000,30.24700,30.25200,30.23800,30.23800,143.32
1772436480000,30.24000,30.25400,30.19800,30.23400,202.07
1772436540000,30.22900,30.25700,30.22400,30.23000,188.57
1772436600000,30.21600,30.23600,30.17200,30.18400,161.09
1772436660000,30.19100,30.29700,30.19100,30.26700,617.02
1772436720000,30.26000,30.29200,30.26000,30.28700,205.01
1772436780000,30.28200,30.34600,30.28200,30.31900,1146.71
1772436840000,30.32200,30.34400,30.30300,30.34100,399.51
1772436900000,30.34400,30.41200,30.34400,30.41200,493.55
1772436960000,30.41300,30.47200,30.40800,30.47200,915.86
1772437020000,30.45600,30.46400,30.43000,30.43600,573.25
1772437080000,30.43300,30.45500,30.43200,30.44500,4726.63
1772437140000,30.44900,30.51200,30.44900,30.47800,681.93
1772437200000,30.48800,30.50000,30.42100,30.42900,618.16
1772437260000,30.43100,30.44900,30.40900,30.43100,300.45
1772437320000,30.42900,30.45400,30.42400,30.44300,163.38
1772437380000,30.45800,30.46300,30.37200,30.37200,661.66
1772437440000,30.34000,30.35000,30.33000,30.33100,594.10
1772437500000,30.33000,30.33100,30.28200,30.28600,827.94
1772437560000,30.29200,30.31800,30.28700,30.30100,663.61
1772437620000,30.30500,30.30500,30.27500,30.29100,189.26
1772437680000,30.29200,30.35000,30.29000,30.35000,141.38
1772437740000,30.34100,30.34100,30.27200,30.28100,227.41
1772437800000,30.30800,30.33100,30.30000,30.30000,64.70
1772437860000,30.29900,30.30300,30.27100,30.27100,42.06
1772437920000,30.27000,30.30800,30.27000,30.30200,71.11
1772437980000,30.29000,30.31300,30.28200,30.31300,87.16
1772438040000,30.32800,30.32800,30.28100,30.28500,75.77
1772438100000,30.28400,30.29700,30.26800,30.27600,98.29
1772438160000,30.27800,30.33500,30.27800,30.32600,58.94
1772438220000,30.31600,30.32800,30.27800,30.27900,73.36
1772438280000,30.27500,30.29700,30.27000,30.29200,71.32
1772438340000,30.28600,30.31700,30.27700,30.29900,89.40
1772438400000,30.32500,30.32500,30.26800,30.28400,199.30
1772438460000,30.27300,30.27300,30.21000,30.21200,568.80
1772438520000,30.21200,30.27900,30.21200,30.27800,989.95
1772438580000,30.29200,30.34000,30.29100,30.29800,460.27
1772438640000,30.29700,30.29700,30.25800,30.25800,143.83
1772438700000,30.26300,30.29800,30.25200,30.29800,253.70
1772438760000,30.28800,30.28800,30.24900,30.27300,131.30
1772438820000,30.29700,30.31500,30.26100,30.27100,117.17
1772438880000,30.25300,30.27300,30.25100,30.26000,113.02
1772438940000,30.25500,30.29700,30.23900,30.29700,166.52
1772439000000,30.28700,30.30000,30.26500,30.27800,106.55
1772439060000,30.28000,30.43400,30.27900,30.43400,650.17
1772439120000,30.43300,30.43300,30.32400,30.34000,1848.15
1772439180000,30.33000,30.40700,30.32900,30.40700,256.80
1772439240000,30.41400,30.46000,30.40800,30.46000,203.02
1772439300000,30.44900,30.44900,30.39200,30.39200,228.57
1772439360000,30.39000,30.42000,30.38400,30.41800,195.05
1772439420000,30.42500,30.42500,30.35100,30.40000,300.72
1772439480000,30.40500,30.40700,30.35900,30.35900,122.80
1772439540000,30.36700,30.40500,30.36700,30.39200,137.11
1772439600000,30.38700,30.39600,30.37100,30.39400,125.67
1772439660000,30.40100,30.42900,30.38400,30.38400,90.40
1772439720000,30.37900,30.39600,30.36300,30.36300,109.79
1772439780000,30.36000,30.36300,30.29300,30.29400,144.71
1772439840000,30.29600,30.33300,30.29600,30.31200,83.80
1772439900000,30.30700,30.33200,30.29600,30.29600,427.44
1772439960000,30.30100,30.33500,30.30100,30.31400,253.47
1772440020000,30.31300,30.31300,30.25800,30.25800,68.89
1772440080000,30.25800,30.27200,30.22800,30.26800,105.15
1772440140000,30.26700,30.30500,30.26700,30.29900,85.76
1772440200000,30.30200,30.33500,30.30200,30.33400,75.49
1772440260000,30.32700,30.34300,30.31500,30.33300,163.70
1772440320000,30.34500,30.35300,30.33200,30.34700,88.10
1772440380000,30.34600,30.36800,30.31700,30.36200,77.65
1772440440000,30.35000,30.35000,30.28100,30.28700,75.97
1772440500000,30.28500,30.28500,30.26300,30.26800,93.87
1772440560000,30.26800,30.26800,30.23900,30.24400,244.31
1772440620000,30.25500,30.26800,30.23200,30.26800,100.17
1772440680000,30.27400,30.27400,30.24000,30.25200,74.05
1772440740000,30.24700,30.28500,30.23300,30.26900,135.69
1772440800000,30.26900,30.29900,30.26300,30.29300,67.66
1772440860000,30.28400,30.36200,30.28400,30.36000,95.52
1772440920000,30.36000,30.39800,30.31600,30.31600,594.07
1772440980000,30.32400,30.34500,30.31700,30.33600,617.03
1772441040000,30.32200,30.37400,30.32200,30.34900,129.04
1772441100000,30.34300,30.36300,30.34300,30.36300,55.90
1772441160000,30.36500,30.39100,30.35800,30.35800,69.62
1772441220000,30.34700,30.35200,30.33600,30.34400,174.77
1772441280000,30.34200,30.34800,30.33200,30.34600,609.20
1772441340000,30.34800,30.41500,30.34800,30.41500,1186.33
1772441400000,30.41500,30.50000,30.40800,30.48600,425.17
1772441460000,30.47800,30.55600,30.47100,30.54400,562.56
1772441520000,30.54100,30.55400,30.50100,30.52900,776.41
1772441580000,30.55300,30.57400,30.54700,30.57400,439.46
1772441640000,30.55900,30.58900,30.55900,30.57900,326.71
1772441700000,30.59000,30.59000,30.54500,30.57200,655.33
1772441760000,30.56800,30.57900,30.56400,30.56400,586.81
1772441820000,30.56400,30.62100,30.54700,30.59900,380.84
1772441880000,30.60000,30.72800,30.58900,30.70300,2544.25
1772441940000,30.69700,30.69700,30.62400,30.62400,1069.15
1772442000000,30.62100,30.62500,30.48600,30.62500,2875.62
1772442060000,30.61500,30.64500,30.56100,30.64500,1063.85
1772442120000,30.64300,30.65500,30.57100,30.57100,681.71
1772442180000,30.57600,30.64200,30.57600,30.62900,584.83
1772442240000,30.62400,30.65500,30.60500,30.60500,198.42
1772442300000,30.61400,30.61400,30.56100,30.56800,261.18
1772442360000,30.55600,30.56700,30.52900,30.52900,409.23
1772442420000,30.53400,30.53800,30.50200,30.52600,1226.99
1772442480000,30.52700,30.52700,30.48800,30.49200,274.65
1772442540000,30.49700,30.56600,30.49700,30.55900,281.78
1772442600000,30.57200,30.71600,30.56800,30.69500,1146.54
1772442660000,30.67300,30.70700,30.66400,30.68200,1465.87
1772442720000,30.67600,30.67600,30.61200,30.61200,254.43
1772442780000,30.61000,30.61700,30.59000,30.60100,156.03
1772442840000,30.59000,30.59000,30.58500,30.58500,239.13
1772442900000,30.58500,30.58500,30.55700,30.56800,95.59
1772442960000,30.56300,30.61300,30.56200,30.57500,248.87
1772443020000,30.57300,30.62600,30.56900,30.62600,288.08
1772443080000,30.59900,30.63200,30.56700,30.61100,349.61
1772443140000,30.61100,30.62200,30.57300,30.60100,564.08
1772443200000,30.58600,30.63400,30.55900,30.63200,577.46
1772443260000,30.62600,30.68000,30.62300,30.68000,451.07
1772443320000,30.66400,30.70900,30.64400,30.70900,534.71
1772443380000,30.69600,30.69600,30.54500,30.54800,778.46
1772443440000,30.55300,30.59600,30.55000,30.57000,951.42
1772443500000,30.56700,30.56800,30.49900,30.50400,533.30
1772443560000,30.51200,30.52300,30.49400,30.51800,423.61
1772443620000,30.52200,30.52200,30.49100,30.49200,110.41
1772443680000,30.49100,30.49200,30.46900,30.46900,295.63
1772443740000,30.47000,30.47000,30.34300,30.34300,3041.70
1772443800000,30.36000,30.41700,30.36000,30.37400,2329.76
1772443860000,30.36300,30.41200,30.36300,30.39100,387.33
1772443920000,30.38700,30.40200,30.32600,30.40200,510.35
1772443980000,30.39900,30.39900,30.35400,30.37200,462.69
1772444040000,30.36900,30.42100,30.36900,30.40700,103.94
1772444100000,30.39200,30.39800,30.37500,30.38700,245.35
1772444160000,30.37300,30.42100,30.37200,30.38500,183.91
1772444220000,30.37600,30.44300,30.37600,30.44300,290.72
1772444280000,30.43900,30.48200,30.43600,30.45600,1958.21
1772444340000,30.44500,30.52400,30.44500,30.50600,444.07
1772444400000,30.49300,30.53900,30.46600,30.53300,491.81
1772444460000,30.52900,30.55500,30.52400,30.54200,890.01
1772444520000,30.54300,30.56200,30.53100,30.53100,1355.30
1772444580000,30.52800,30.55900,30.51200,30.54900,195.35
1772444640000,30.52300,30.54600,30.51100,30.51100,156.92
1772444700000,30.50800,30.51500,30.46900,30.47300,751.35
1772444760000,30.46900,30.47400,30.44500,30.45400,461.92
1772444820000,30.45700,30.45700,30.40100,30.40100,222.97
1772444880000,30.40800,30.40800,30.37500,30.39500,294.90
1772444940000,30.40500,30.40500,30.38300,30.38800,270.94
1772445000000,30.39900,30.44100,30.38200,30.42900,1317.64
1772445060000,30.42100,30.45600,30.41000,30.45600,356.63
1772445120000,30.45700,30.50100,30.43800,30.49300,178.17
1772445180000,30.47600,30.49800,30.47400,30.48700,991.90
1772445240000,30.48600,30.49200,30.47600,30.48500,55.53
1772445300000,30.48400,30.48600,30.46500,30.46600,56.96
1772445360000,30.45900,30.48800,30.45900,30.47600,403.27
1772445420000,30.46300,30.48700,30.46300,30.48700,104.82
1772445480000,30.48400,30.48400,30.44400,30.44400,82.26
1772445540000,30.44300,30.44800,30.39400,30.40300,1690.25
1772445600000,30.39900,30.39900,30.24600,30.26600,3612.05
1772445660000,30.26600,30.28400,30.26000,30.28400,1009.50
1772445720000,30.29200,30.39400,30.29200,30.38400,422.21
1772445780000,30.36700,30.44600,30.31900,30.44500,519.75
1772445840000,30.43900,30.44200,30.41300,30.43400,2545.15
1772445900000,30.43700,30.46200,30.43100,30.43600,254.04
1772445960000,30.42900,30.46800,30.42600,30.46600,221.52
1772446020000,30.45900,30.47600,30.45900,30.46600,643.49
1772446080000,30.46600,30.50100,30.46500,30.50100,490.62
1772446140000,30.48800,30.50100,30.48400,30.49100,202.43
1772446200000,30.49300,30.50300,30.45500,30.47000,181.89
1772446260000,30.46600,30.48600,30.44000,30.46000,254.43
1772446320000,30.45700,30.45700,30.39600,30.41100,135.00
1772446380000,30.43300,30.44600,30.39400,30.40300,230.88
1772446440000,30.40300,30.43900,30.40300,30.43500,87.58
1772446500000,30.43700,30.44400,30.40500,30.40900,70.45
1772446560000,30.41100,30.41100,30.38400,30.38400,56.27
1772446620000,30.38400,30.40100,30.37500,30.39000,121.17
1772446680000,30.39000,30.42300,30.37500,30.37500,64.02
1772446740000,30.38400,30.38700,30.34500,30.35700,266.71
1772446800000,30.35800,30.38900,30.33500,30.36600,959.61
1772446860000,30.37500,30.40000,30.35200,30.38500,244.67
1772446920000,30.38500,30.38800,30.36900,30.37300,57.45
1772446980000,30.36600,30.36600,30.34500,30.34500,50.76
1772447040000,30.34600,30.38000,30.33500,30.38000,729.39
1772447100000,30.36300,30.36300,30.33500,30.33600,611.75
1772447160000,30.33500,30.34700,30.31600,30.32300,279.14
1772447220000,30.32700,30.35900,30.32700,30.35300,494.57
1772447280000,30.36400,30.36400,30.32200,30.33000,336.22
1772447340000,30.32500,30.35100,30.32500,30.34100,524.82
1772447400000,30.35500,30.35800,30.32500,30.34200,179.32
1772447460000,30.34800,30.36400,30.33300,30.33600,104.85
1772447520000,30.34000,30.38200,30.33200,30.36400,62.50
1772447580000,30.34900,30.34900,30.31200,30.31700,107.75
1772447640000,30.31800,30.32000,30.29800,30.31200,466.54
1772447700000,30.29600,30.29900,30.27700,30.27900,420.41
1772447760000,30.27900,30.28700,30.22700,30.25700,620.50
1772447820000,30.26000,30.29700,30.25700,30.29500,702.68
1772447880000,30.29800,30.33300,30.27400,30.33200,146.40
1772447940000,30.32600,30.39300,30.32600,30.39300,94.60
1772448000000,30.38200,30.38200,30.28400,30.28400,192.90
1772448060000,30.28600,30.31200,30.28600,30.30900,127.87
1772448120000,30.30800,30.30800,30.22700,30.23500,72.93
1772448180000,30.24100,30.24700,30.21500,30.21800,1347.37
1772448240000,30.22000,30.23900,30.21200,30.23900,1582.43
1772448300000,30.24200,30.28900,30.23400,30.25600,225.69
1772448360000,30.26000,30.28100,30.26000,30.27400,304.90
1772448420000,30.27900,30.31500,30.26900,30.27600,169.39
1772448480000,30.27800,30.31600,30.27800,30.30200,141.41
1772448540000,30.30200,30.33000,30.30200,30.31300,963.37
1772448600000,30.31100,30.31900,30.29100,30.29900,72.59
1772448660000,30.31200,30.32100,30.29000,30.32100,104.82
1772448720000,30.32100,30.32400,30.29000,30.30000,98.60
1772448780000,30.29900,30.31700,30.29900,30.31500,48.76
1772448840000,30.30700,30.34200,30.30300,30.34200,411.59
1772448900000,30.34900,30.34900,30.32600,30.32600,73.14
1772448960000,30.32500,30.33400,30.32300,30.33300,42.80
1772449020000,30.32700,30.38300,30.32700,30.38300,182.76
1772449080000,30.38400,30.45700,30.38400,30.45400,1969.64
1772449140000,30.45200,30.49400,30.44000,30.48900,1869.25
1772449200000,30.48600,30.48600,30.45900,30.47300,412.73
1772449260000,30.47200,30.47700,30.46000,30.46700,208.49
1772449320000,30.46500,30.57100,30.45700,30.55700,2254.09
1772449380000,30.56800,30.56800,30.51100,30.54300,1684.60
1772449440000,30.53800,30.55600,30.51600,30.55600,510.09
1772449500000,30.55100,30.55400,30.52300,30.54900,578.87
1772449560000,30.55500,30.55700,30.47000,30.49100,440.92
1772449620000,30.50600,30.50600,30.46400,30.47700,589.29
1772449680000,30.47400,30.47700,30.45200,30.45300,153.75
1772449740000,30.45300,30.48000,30.44700,30.47600,173.99
1772449800000,30.47000,30.50300,30.46900,30.46900,214.36
1772449860000,30.47800,30.50400,30.46600,30.47600,74.00
1772449920000,30.47600,30.47700,30.45800,30.46300,99.59
1772449980000,30.46700,30.47400,30.46200,30.46200,144.70
1772450040000,30.46100,30.46600,30.43400,30.43400,136.19
1772450100000,30.44500,30.48800,30.44500,30.47400,154.34
1772450160000,30.46900,30.48200,30.46200,30.46700,84.56
1772450220000,30.46300,30.46300,30.44700,30.45400,136.77
1772450280000,30.45400,30.49400,30.45400,30.48400,97.51
1772450340000,30.48400,30.54300,30.47800,30.54300,117.09
1772450400000,30.55100,30.57000,30.54900,30.54900,356.38
1772450460000,30.54800,30.54800,30.49600,30.51000,820.54
1772450520000,30.50400,30.50400,30.48300,30.48300,346.49
1772450580000,30.47600,30.47800,30.44700,30.45500,239.70
1772450640000,30.45400,30.54100,30.45400,30.54100,334.94
1772450700000,30.55600,30.56400,30.51900,30.53300,309.39
1772450760000,30.53600,30.54700,30.52800,30.54400,107.03
1772450820000,30.53500,30.53500,30.49400,30.51400,86.31
1772450880000,30.51700,30.52000,30.46900,30.52000,154.50
1772450940000,30.53100,30.54000,30.52000,30.52000,152.63
1772451000000,30.52200,30.54300,30.50000,30.54300,152.46
1772451060000,30.54200,30.56700,30.54100,30.54800,99.98
1772451120000,30.53300,30.64100,30.53300,30.63000,1666.25
1772451180000,30.63100,30.63400,30.61200,30.61200,428.41
1772451240000,30.61400,30.61500,30.54200,30.54600,203.20
1772451300000,30.54800,30.70100,30.54300,30.67800,908.38
1772451360000,30.63900,30.67900,30.62100,30.67000,945.01
1772451420000,30.66900,30.66900,30.63800,30.65400,365.95
1772451480000,30.64400,30.66600,30.64000,30.65600,260.38
1772451540000,30.65000,30.67000,30.65000,30.65900,243.67
1772451600000,30.65000,30.66300,30.63200,30.65400,479.33
1772451660000,30.65700,30.66300,30.60900,30.62400,406.61
1772451720000,30.62600,30.62600,30.60700,30.61400,391.37
1772451780000,30.62200,30.63400,30.61200,30.62100,315.16
1772451840000,30.63200,30.63300,30.61100,30.61100,115.64
1772451900000,30.61500,30.63300,30.60600,30.63300,74.08
1772451960000,30.60700,30.65300,30.60600,30.64700,376.01
1772452020000,30.65500,30.65500,30.63000,30.63200,165.72
1772452080000,30.64100,30.65500,30.63100,30.65100,103.64
1772452140000,30.64500,30.65100,30.62800,30.63700,347.79
1772452200000,30.64400,30.64900,30.62900,30.64100,627.12
1772452260000,30.64100,30.64100,30.60600,30.63800,566.02
1772452320000,30.65700,30.68900,30.65400,30.68300,217.89
1772452380000,30.66500,30.66900,30.64200,30.65400,585.20
1772452440000,30.64500,30.64500,30.63000,30.63000,478.46
1772452500000,30.61500,30.63900,30.61400,30.62500,744.59
1772452560000,30.62800,30.65200,30.61700,30.64000,335.02
1772452620000,30.64500,30.67400,30.61700,30.67400,174.84
1772452680000,30.66900,30.66900,30.65300,30.66500,134.70
1772452740000,30.66500,30.68500,30.66100,30.68500,415.66
1772452800000,30.67800,30.68200,30.63300,30.65800,135.53
1772452860000,30.65900,30.71600,30.65900,30.71600,704.57
1772452920000,30.73200,30.74500,30.69900,30.71300,856.30
1772452980000,30.71700,30.71700,30.66300,30.66500,194.48
1772453040000,30.65700,30.69200,30.65700,30.67500,385.75
1772453100000,30.66500,30.67200,30.65000,30.65800,152.36
1772453160000,30.65400,30.66400,30.62600,30.63100,452.22
1772453220000,30.64800,30.65500,30.62800,30.62800,1020.42
1772453280000,30.62400,30.62400,30.60500,30.60900,108.00
1772453340000,30.60400,30.62000,30.58700,30.62000,1765.77
1772453400000,30.60200,30.67700,30.60200,30.65300,1093.98
1772453460000,30.64100,30.65700,30.62400,30.63700,1654.14
1772453520000,30.63200,30.63200,30.59000,30.60600,81.59
1772453580000,30.60000,30.61700,30.59800,30.60500,1406.61
1772453640000,30.59900,30.65600,30.59900,30.61900,961.12
1772453700000,30.61500,30.61500,30.57500,30.57500,584.24
1772453760000,30.57500,30.60700,30.57500,30.59100,560.28
1772453820000,30.58800,30.60500,30.58100,30.60500,112.42
1772453880000,30.60500,30.61100,30.59500,30.60000,42.62
1772453940000,30.58000,30.62300,30.55800,30.55800,608.17
1772454000000,30.56900,30.57700,30.52200,30.53000,196.69
1772454060000,30.52700,30.54700,30.48700,30.49200,464.60
1772454120000,30.49000,30.49700,30.40300,30.40300,1308.85
1772454180000,30.42000,30.42500,30.41300,30.41600,354.61
1772454240000,30.41800,30.42200,30.39700,30.41100,772.58
1772454300000,30.41100,30.41100,30.38600,30.39700,998.78
1772454360000,30.38900,30.40700,30.38900,30.40600,61.50
1772454420000,30.39800,30.41400,30.39800,30.40600,71.56
1772454480000,30.41300,30.41800,30.38300,30.40500,690.40
1772454540000,30.40700,30.57000,30.40500,30.55400,500.80
1772454600000,30.54500,30.57100,30.53500,30.56300,568.02
1772454660000,30.55100,30.55800,30.49000,30.51200,1044.49
1772454720000,30.51300,30.54600,30.49800,30.50100,599.25
1772454780000,30.51100,30.51800,30.47600,30.47600,56.04
1772454840000,30.47500,30.48800,30.46000,30.48000,92.89
1772454900000,30.47100,30.48500,30.44300,30.47500,259.78
1772454960000,30.47000,30.49100,30.46200,30.46200,1061.77
1772455020000,30.46600,30.47300,30.45500,30.45600,183.19
1772455080000,30.46000,30.47500,30.39900,30.42100,839.90
1772455140000,30.41000,30.42600,30.40800,30.41800,495.91
1772455200000,30.41800,30.43600,30.41600,30.41600,105.74
1772455260000,30.41400,30.42200,30.41000,30.41800,54.68
1772455320000,30.41900,30.42300,30.40500,30.40900,187.89
1772455380000,30.42200,30.44000,30.41500,30.41500,75.89
1772455440000,30.40900,30.41000,30.40200,30.40800,218.91
1772455500000,30.40800,30.40800,30.38600,30.39900,255.27
1772455560000,30.40800,30.40800,30.39000,30.40400,136.50
1772455620000,30.40800,30.42200,30.39500,30.40200,230.22
1772455680000,30.40300,30.41800,30.40100,30.40100,41.43
1772455740000,30.40600,30.42100,30.40600,30.41600,244.80
1772455800000,30.41600,30.43600,30.41600,30.42800,48.46
1772455860000,30.42500,30.42700,30.41300,30.42400,57.97
1772455920000,30.42100,30.43300,30.42100,30.42600,34.16
1772455980000,30.42700,30.43300,30.40800,30.42700,82.38
1772456040000,30.43100,30.43700,30.42400,30.43100,62.33
1772456100000,30.43100,30.43100,30.40100,30.40600,64.91
1772456160000,30.40600,30.50600,30.40600,30.49700,420.24
1772456220000,30.49100,30.53900,30.49100,30.51200,90.65
1772456280000,30.51300,30.52500,30.50100,30.50100,67.47
1772456340000,30.51400,30.53400,30.51000,30.53300,56.99
1772456400000,30.53900,30.53900,30.47800,30.47800,289.67
1772456460000,30.49200,30.51800,30.46700,30.48900,90.22
1772456520000,30.48900,30.49700,30.46000,30.46100,311.63
1772456580000,30.45200,30.47800,30.43100,30.46100,147.70
1772456640000,30.45100,30.45100,30.39200,30.39500,140.58
1772456700000,30.39400,30.43300,30.37500,30.43100,276.31
1772456760000,30.43600,30.45700,30.42200,30.44900,228.49
1772456820000,30.46100,30.49100,30.43500,30.49100,873.39
1772456880000,30.49100,30.49500,30.44900,30.46600,115.06
1772456940000,30.46200,30.46200,30.42800,30.43400,348.33
1772457000000,30.44100,30.52900,30.44100,30.52900,1858.21
1772457060000,30.52900,30.53200,30.51800,30.51800,789.89
1772457120000,30.51800,30.55000,30.49700,30.54100,704.07
1772457180000,30.54100,30.62800,30.54100,30.62800,264.73
1772457240000,30.62600,30.65600,30.61500,30.65400,262.43
1772457300000,30.65600,30.71600,30.65600,30.71600,1296.60
1772457360000,30.72600,30.74500,30.70500,30.74500,1668.33
1772457420000,30.72400,30.83200,30.71000,30.82500,1046.25
1772457480000,30.82000,30.90200,30.82000,30.90200,3998.47
1772457540000,30.88900,30.90800,30.86000,30.86000,1321.50
1772457600000,30.83600,30.83600,30.77900,30.79700,4046.37
1772457660000,30.79800,30.83500,30.78600,30.83500,946.95
1772457720000,30.84700,30.89900,30.82900,30.88500,668.04
1772457780000,30.87200,30.92700,30.87100,30.91700,1047.90
1772457840000,30.92400,30.94000,30.91800,30.94000,204.31
1772457900000,30.93300,30.95500,30.90500,30.90500,251.11
1772457960000,30.89400,31.01100,30.87100,30.99200,648.29
1772458020000,30.97200,30.98800,30.88400,30.88600,1015.01
1772458080000,30.88000,30.91600,30.83100,30.88400,511.39
1772458140000,30.87400,30.90700,30.83400,30.85600,620.32
1772458200000,30.85700,30.89600,30.85600,30.89600,174.67
1772458260000,30.91000,30.93700,30.84300,30.89200,483.91
1772458320000,30.89200,30.89200,30.84200,30.85300,114.79
1772458380000,30.85300,30.85900,30.83800,30.84600,68.34
1772458440000,30.84500,30.93600,30.83900,30.91700,126.93
1772458500000,30.91500,30.93800,30.89400,30.89700,195.71
1772458560000,30.89600,30.91600,30.88000,30.90800,69.62
1772458620000,30.91800,30.92500,30.88000,30.88300,77.15
1772458680000,30.87900,30.90900,30.82500,30.90200,102.74
1772458740000,30.88400,30.90800,30.86300,30.87800,73.09
1772458800000,30.88900,30.90200,30.84600,30.84600,55.55
1772458860000,30.84000,30.84000,30.70600,30.73000,1042.21
1772458920000,30.75200,30.77800,30.74700,30.76400,488.88
1772458980000,30.78100,30.80000,30.74500,30.80000,82.64
1772459040000,30.79600,30.80400,30.74600,30.75000,582.06
1772459100000,30.75900,30.79400,30.74100,30.76300,132.83
1772459160000,30.75800,30.79300,30.71400,30.73400,109.39
1772459220000,30.74800,30.79400,30.74800,30.75400,95.24
1772459280000,30.73700,30.75100,30.67900,30.67900,292.85
1772459340000,30.67900,30.67900,30.62100,30.64500,1221.98
1772459400000,30.66400,30.66400,30.57900,30.57900,527.40
1772459460000,30.60400,30.60400,30.52000,30.52300,2219.75
1772459520000,30.52500,30.52500,30.46900,30.50700,816.97
1772459580000,30.50700,30.59400,30.50700,30.59300,975.22
1772459640000,30.59000,30.59300,30.53800,30.57300,158.81
1772459700000,30.56900,30.57200,30.53900,30.56500,135.53
1772459760000,30.56200,30.65800,30.55400,30.63100,436.97
1772459820000,30.61600,30.65300,30.60600,30.65300,139.09
1772459880000,30.66400,30.67400,30.62500,30.64200,1273.22
1772459940000,30.65400,30.67900,30.64700,30.66900,545.53
1772460000000,30.66900,30.66900,30.62500,30.65100,2912.38
1772460060000,30.63500,30.63500,30.58400,30.58400,260.19
1772460120000,30.58700,30.61800,30.58300,30.61800,150.77
1772460180000,30.62000,30.62600,30.60200,30.61500,137.99
1772460240000,30.61500,30.78400,30.61500,30.78400,1307.19
1772460300000,30.80000,30.87300,30.80000,30.86400,1102.50
1772460360000,30.86500,30.90700,30.85200,30.87900,1774.13
1772460420000,30.87000,30.91000,30.85400,30.91000,94.09
1772460480000,30.89000,30.92200,30.88900,30.91000,66.83
1772460540000,30.90600,30.94200,30.90600,30.93800,59.06
1772460600000,30.92200,30.94300,30.91300,30.93600,55.98
1772460660000,30.93600,30.94900,30.92500,30.94100,149.75
1772460720000,30.93500,30.99000,30.91200,30.99000,355.67
1772460780000,30.99200,31.06100,30.99200,31.04800,1080.87
1772460840000,31.03400,31.04700,31.01800,31.04400,481.60
1772460900000,31.03800,31.06400,31.01300,31.06100,124.31
1772460960000,31.05900,31.07200,31.05700,31.06700,253.12
1772461020000,31.06500,31.07700,31.06100,31.07200,141.51
1772461080000,31.06300,31.10800,31.06300,31.08500,205.67
1772461140000,31.07700,31.07700,30.93700,30.93700,835.89
1772461200000,30.95900,30.99200,30.94400,30.99200,139.56
1772461260000,30.99500,31.00800,30.97000,30.98300,338.90
1772461320000,30.98800,31.01800,30.96600,30.99500,192.83
1772461380000,30.99700,30.99700,30.87400,30.89400,336.35
1772461440000,30.89400,30.96000,30.89400,30.93600,343.40
1772461500000,30.92700,31.01100,30.92700,30.98400,411.45
1772461560000,30.98400,31.00400,30.94500,30.95100,523.52
1772461620000,30.92700,30.92700,30.85300,30.87000,426.06
1772461680000,30.87700,30.93900,30.87700,30.92500,183.62
1772461740000,30.92900,30.98100,30.92600,30.96800,373.54
1772461800000,30.95400,31.00000,30.94100,30.99100,125.80
1772461860000,31.00600,31.10000,31.00600,31.07200,671.72
1772461920000,31.06100,31.21300,30.99300,31.21300,1588.89
1772461980000,31.21300,31.36100,31.17800,31.35000,3037.67
1772462040000,31.34300,31.40000,31.32000,31.33500,1247.20
1772462100000,31.31300,31.31300,31.21600,31.21600,768.32
1772462160000,31.22700,31.22700,31.15200,31.18500,796.52
1772462220000,31.19000,31.25900,31.14000,31.23200,379.69
1772462280000,31.26400,31.32800,31.25900,31.32800,723.21
1772462340000,31.33700,31.45000,31.33700,31.44000,798.16
1772462400000,31.41900,31.44800,31.36600,31.43700,1691.43
1772462460000,31.45900,31.48600,31.44500,31.46100,849.76
1772462520000,31.45500,31.53500,31.45500,31.51900,3006.84
1772462580000,31.52200,31.59000,31.50000,31.59000,2202.89
1772462640000,31.58400,31.69800,31.58200,31.63600,2319.29
1772462700000,31.62500,31.69200,31.59100,31.59200,2253.59
1772462760000,31.59400,31.79000,31.59400,31.78500,1758.39
1772462820000,31.79900,31.81100,31.75100,31.80900,3513.58
1772462880000,31.79800,31.84400,31.78500,31.81200,3021.52
1772462940000,31.81700,32.01300,31.81700,31.99000,7343.82
1772463000000,31.96600,31.97700,31.76300,31.79800,6408.33
1772463060000,31.83000,31.96000,31.82800,31.95300,3500.53
1772463120000,31.93100,31.93100,31.73200,31.81900,2902.21
1772463180000,31.81800,31.83100,31.76300,31.80900,1077.25
1772463240000,31.83800,31.90300,31.83500,31.83500,539.71
1772463300000,31.83900,31.83900,31.70800,31.70800,800.56
1772463360000,31.71900,31.71900,31.63600,31.64400,1475.76
1772463420000,31.63100,31.67200,31.60800,31.62100,2422.74
1772463480000,31.60900,31.65200,31.57500,31.65000,970.52
1772463540000,31.68800,31.72100,31.60600,31.69300,992.80
1772463600000,31.69300,31.75100,31.66700,31.68600,1048.56
1772463660000,31.72000,31.88500,31.71200,31.88500,992.87
1772463720000,31.88600,32.01800,31.88600,31.95500,2379.30
1772463780000,31.99800,32.04100,31.95800,32.04000,1541.62
1772463840000,32.03300,32.04100,31.96100,32.04100,2918.35
1772463900000,32.04100,32.19800,32.04000,32.19800,1454.19
1772463960000,32.20000,32.33500,32.19600,32.30700,2043.16
1772464020000,32.31000,32.37700,32.31000,32.37500,808.88
1772464080000,32.36100,32.44000,32.24900,32.25000,2069.00
1772464140000,32.28200,32.33100,32.23800,32.28000,1326.31
1772464200000,32.27300,32.27300,32.17700,32.17700,1186.88
1772464260000,32.15700,32.29300,32.15700,32.29200,298.39
1772464320000,32.26400,32.34800,32.23400,32.34800,1757.15
1772464380000,32.36600,32.37900,32.27600,32.33400,1414.36
1772464440000,32.29300,32.31200,32.22600,32.22700,1191.10
1772464500000,32.23400,32.26700,32.14400,32.17900,297.63
1772464560000,32.16100,32.26000,32.16100,32.26000,568.64
1772464620000,32.26800,32.34600,32.26000,32.33400,520.84
1772464680000,32.32500,32.32500,32.21600,32.23000,207.26
1772464740000,32.21000,32.21000,32.06500,32.08400,866.01
1772464800000,32.09600,32.31400,32.09600,32.31400,1486.26
1772464860000,32.29800,32.31300,32.14300,32.14800,1197.73
1772464920000,32.13900,32.21400,32.13500,32.19400,1104.61
1772464980000,32.20200,32.30700,32.20200,32.30400,1076.89
1772465040000,32.30100,32.33100,32.20000,32.20700,1749.71
1772465100000,32.22500,32.50700,32.22500,32.50200,3253.00
1772465160000,32.50900,32.52900,32.45100,32.50900,1675.36
1772465220000,32.47100,32.51700,32.41200,32.44700,2478.72
1772465280000,32.42400,32.42400,32.22400,32.23800,1135.98
1772465340000,32.24400,32.25800,32.14900,32.17100,1402.18
1772465400000,32.17900,32.24600,32.10000,32.10000,1074.29
1772465460000,32.10700,32.10700,31.92000,31.95100,3410.34
1772465520000,31.93900,31.94200,31.82000,31.93100,3563.02
1772465580000,31.93300,32.00600,31.91400,32.00600,3359.35
1772465640000,32.00600,32.12700,31.99400,32.06400,1586.11
1772465700000,32.04700,32.12200,32.04500,32.09100,1657.71
1772465760000,32.07800,32.09200,31.98200,31.98200,341.54
1772465820000,31.97400,32.04800,31.95100,32.00900,1249.88
1772465880000,31.97600,32.10900,31.97600,32.10300,461.94
1772465940000,32.06900,32.19100,32.06900,32.19100,689.19
1772466000000,32.20000,32.21000,32.12500,32.13300,1836.53
1772466060000,32.16000,32.33500,32.16000,32.32500,1397.02
1772466120000,32.30600,32.37300,32.30500,32.31400,2637.99
1772466180000,32.30000,32.39300,32.27700,32.33000,2385.90
1772466240000,32.32800,32.42100,32.30100,32.37200,676.30
1772466300000,32.34900,32.38400,32.25800,32.30200,342.15
1772466360000,32.31700,32.43900,32.28400,32.43300,572.22
1772466420000,32.43200,32.45400,32.38500,32.38500,851.15
1772466480000,32.40400,32.41500,32.37200,32.39900,627.68
1772466540000,32.39800,32.48000,32.38100,32.46900,341.43
1772466600000,32.46400,32.47900,32.45200,32.47500,345.89
1772466660000,32.48100,32.49000,32.41800,32.46600,439.56
1772466720000,32.45700,32.47600,32.42100,32.47600,263.70
1772466780000,32.46800,32.48100,32.37200,32.43000,1874.78
1772466840000,32.42100,32.42100,32.12500,32.12500,2446.31
1772466900000,32.12000,32.25800,32.12000,32.22600,1123.43
1772466960000,32.24900,32.24900,32.12900,32.12900,337.22
1772467020000,32.13000,32.14700,32.04100,32.09700,3095.53
1772467080000,32.09900,32.14200,32.05800,32.14200,737.09
1772467140000,32.12600,32.16000,32.12100,32.16000,212.10
1772467200000,32.16300,32.21400,32.07900,32.08200,943.15
1772467260000,32.08200,32.18400,32.05200,32.14000,2225.22
1772467320000,32.08400,32.10000,32.00000,32.04800,1359.61
1772467380000,32.03000,32.16200,32.03000,32.15200,752.62
1772467440000,32.13800,32.16700,32.12200,32.15900,968.97
1772467500000,32.14700,32.32400,32.14100,32.29100,1808.42
1772467560000,32.29600,32.40300,32.29600,32.35700,1537.56
1772467620000,32.33900,32.36600,32.31200,32.31200,875.68
1772467680000,32.31100,32.35700,32.29800,32.31800,1079.28
1772467740000,32.29000,32.44800,32.29000,32.42400,941.30
1772467800000,32.43300,32.43300,32.31200,32.31300,676.30
1772467860000,32.31100,32.33600,32.26800,32.31800,413.06
1772467920000,32.32900,32.36900,32.31200,32.36900,399.97
1772467980000,32.38900,32.46200,32.38000,32.45100,784.15
1772468040000,32.43900,32.48900,32.42500,32.47900,1894.35
1772468100000,32.47800,32.47800,32.34800,32.38800,1487.22
1772468160000,32.41200,32.41200,32.30900,32.32400,1111.70
1772468220000,32.38300,32.47200,32.38300,32.45200,652.12
1772468280000,32.47800,32.97600,32.47800,32.93300,7559.34
1772468340000,32.91700,32.94700,32.80600,32.80700,7135.29
1772468400000,32.83000,32.89900,32.82300,32.89400,1663.21
1772468460000,32.90900,32.93300,32.85100,32.87900,1577.58
1772468520000,32.89800,32.94900,32.88100,32.91700,1542.82
1772468580000,32.95200,33.32600,32.95200,33.32600,7649.71
1772468640000,33.30100,33.44400,33.21700,33.30600,8371.03
1772468700000,33.30200,33.35000,33.26200,33.29800,3087.69
1772468760000,33.31500,33.32800,33.25300,33.26600,1466.59
1772468820000,33.27700,33.29800,33.20000,33.21100,2540.87
1772468880000,33.21900,33.26300,33.10100,33.22100,2784.18
1772468940000,33.18000,33.18200,33.12600,33.12600,2539.63
1772469000000,33.12600,33.23000,33.10000,33.10000,1257.09
1772469060000,33.10000,33.10000,32.93200,32.93500,8579.07
1772469120000,32.93000,33.15900,32.91200,33.15900,2017.76
1772469180000,33.15200,33.17300,33.02900,33.02900,4058.75
1772469240000,33.02900,33.05600,32.94900,32.95400,1253.53
1772469300000,32.98000,33.06300,32.96300,33.06300,832.67
1772469360000,33.02800,33.11500,33.00800,33.05000,484.07
1772469420000,33.05700,33.18900,32.97800,33.12200,2880.50
1772469480000,33.16800,33.17500,33.03600,33.03900,2197.37
1772469540000,33.01900,33.03500,32.96100,33.00700,2898.62
1772469600000,33.02500,33.16600,33.00400,33.16600,488.09
1772469660000,33.15400,33.46900,33.14900,33.46900,2807.50
1772469720000,33.45500,33.62200,33.42900,33.59100,4325.83
1772469780000,33.58000,33.58000,33.44300,33.46400,1927.30
1772469840000,33.46300,33.68000,33.46300,33.50200,3504.70
1772469900000,33.49300,33.50700,33.42600,33.47600,1339.81
1772469960000,33.47000,33.51500,33.42200,33.51500,1163.34
1772470020000,33.48000,33.53400,33.28700,33.28700,1953.21
1772470080000,33.28700,33.54300,33.28700,33.51700,1847.31
1772470140000,33.52200,33.54000,33.48900,33.53800,700.04
1772470200000,33.54700,33.57900,33.42200,33.44100,974.97
1772470260000,33.48100,33.59600,33.48100,33.51400,1379.11
1772470320000,33.51700,33.51700,33.45700,33.47300,750.39
1772470380000,33.49300,33.51600,33.35300,33.38000,1090.98
1772470440000,33.38100,33.42000,33.32800,33.33400,669.56
1772470500000,33.32800,33.32800,33.25100,33.27400,1361.82
1772470560000,33.28300,33.28500,33.19100,33.20900,1486.37
1772470620000,33.24000,33.28600,33.20300,33.21200,1113.47
1772470680000,33.23000,33.29900,33.23000,33.28600,381.03
1772470740000,33.28600,33.28600,33.14200,33.16900,633.67
1772470800000,33.16000,33.25600,33.12600,33.21800,1038.56
1772470860000,33.20000,33.21000,33.12800,33.12800,853.97
1772470920000,33.14800,33.16800,33.07300,33.07400,561.80
1772470980000,33.08100,33.22800,33.06000,33.12300,737.62
1772471040000,33.13200,33.21200,33.10000,33.21200,1382.81
1772471100000,33.20100,33.20200,33.10400,33.12900,443.80
1772471160000,33.12600,33.15800,33.06800,33.14200,1510.24
1772471220000,33.14400,33.18600,33.12800,33.14800,1602.77
1772471280000,33.13200,33.17100,33.07400,33.09100,499.23
1772471340000,33.10100,33.17100,33.06100,33.06300,579.82
1772471400000,33.08400,33.12200,33.06000,33.06300,997.32
1772471460000,33.09900,33.11400,33.03600,33.07900,1163.50
1772471520000,33.10100,33.12000,33.07300,33.12000,409.69
1772471580000,33.08800,33.09900,33.04400,33.09000,167.51
1772471640000,33.09300,33.15300,33.07100,33.08500,815.99
1772471700000,33.07100,33.07200,33.02000,33.03900,161.20
1772471760000,33.06400,33.06400,32.91400,32.98500,1637.60
1772471820000,32.95900,32.95900,32.81600,32.84700,3378.10
1772471880000,32.84100,32.88300,32.84100,32.86400,1370.75
1772471940000,32.88300,32.98700,32.88300,32.96200,769.84
1772472000000,32.97100,33.01000,32.95000,32.98200,538.75
1772472060000,32.99600,33.13900,32.99600,33.13900,996.72
1772472120000,33.14300,33.14300,33.05300,33.08000,357.83
1772472180000,33.07900,33.10800,33.04800,33.08700,204.28
1772472240000,33.12200,33.15000,33.02400,33.09100,426.81
1772472300000,33.08400,33.14000,33.05500,33.12100,120.70
1772472360000,33.12000,33.15000,33.08600,33.09400,511.94
1772472420000,33.09700,33.13600,33.06900,33.08400,290.72
1772472480000,33.08400,33.16900,33.05200,33.16900,231.59
1772472540000,33.16700,33.18100,33.07500,33.14700,632.72
1772472600000,33.12300,33.12500,33.06500,33.06600,796.63
1772472660000,33.06500,33.06700,32.96000,33.03700,430.30
1772472720000,33.05700,33.17100,33.05700,33.15500,2524.70
1772472780000,33.15000,33.15300,33.09000,33.11600,618.00
1772472840000,33.11300,33.11300,33.06000,33.06000,169.75
1772472900000,33.04900,33.04900,32.98800,33.01900,231.22
1772472960000,33.02800,33.02800,32.97300,32.97300,205.38
1772473020000,32.99000,32.99000,32.77200,32.77700,4016.94
1772473080000,32.77800,32.81300,32.76800,32.79100,1360.24
1772473140000,32.79600,32.83300,32.79200,32.81700,452.31
1772473200000,32.83000,32.92400,32.82600,32.85600,1123.20
1772473260000,32.86000,32.91700,32.81500,32.90200,1766.57
1772473320000,32.88600,32.89400,32.77200,32.79300,3179.86
1772473380000,32.78100,32.79000,32.57600,32.59100,4606.64
1772473440000,32.59900,32.64600,32.57600,32.60200,2127.21
1772473500000,32.59700,32.65500,32.51200,32.62300,2846.56
1772473560000,32.62800,32.64300,32.52300,32.52800,2038.00
1772473620000,32.53800,32.55100,32.51000,32.51900,751.91
1772473680000,32.51300,32.51900,32.48200,32.49700,856.54
1772473740000,32.50200,32.59600,32.49200,32.59600,2392.08
1772473800000,32.57500,32.60800,32.54400,32.56100,840.38
1772473860000,32.56400,32.63000,32.55700,32.61500,717.24
1772473920000,32.61500,32.70600,32.61400,32.70600,1417.40
1772473980000,32.68800,32.73800,32.66700,32.72200,2936.74
1772474040000,32.74800,32.76800,32.74300,32.76800,377.72
1772474100000,32.75300,32.76800,32.72000,32.72900,1637.59
1772474160000,32.75000,32.75000,32.70100,32.73200,2217.35
1772474220000,32.73200,32.77900,32.68900,32.68900,1364.59
1772474280000,32.71000,32.73800,32.70600,32.73200,201.20
1772474340000,32.73200,32.77300,32.73200,32.77300,917.88
1772474400000,32.76100,32.76100,32.70400,32.70400,2229.87
1772474460000,32.70500,32.71000,32.63900,32.63900,628.18
1772474520000,32.64000,32.64000,32.56500,32.57600,5188.15
1772474580000,32.58200,32.58200,32.46900,32.48900,704.09
1772474640000,32.50400,32.61600,32.46200,32.61600,2973.21
1772474700000,32.62800,32.67100,32.61900,32.61900,1232.51
1772474760000,32.61000,32.62400,32.57300,32.62400,1740.72
1772474820000,32.64900,32.66100,32.61000,32.66100,519.79
1772474880000,32.67300,32.69300,32.64900,32.68100,154.67
1772474940000,32.68100,32.69900,32.59200,32.63800,289.47
1772475000000,32.64000,32.69100,32.62500,32.69100,177.09
1772475060000,32.69200,32.69200,32.62700,32.62700,344.62
1772475120000,32.62400,32.64600,32.56700,32.57300,520.18
1772475180000,32.59500,32.63900,32.59500,32.62800,308.86
1772475240000,32.62400,32.66100,32.61600,32.65600,341.35
1772475300000,32.64600,32.65900,32.62600,32.64500,202.07
1772475360000,32.63500,32.67400,32.63100,32.65700,148.22
1772475420000,32.65000,32.66400,32.61400,32.63100,827.82
1772475480000,32.63100,32.63200,32.59600,32.60800,1435.27
1772475540000,32.62600,32.65300,32.51200,32.51200,3504.71
1772475600000,32.52000,32.55500,32.50500,32.50900,3023.64
1772475660000,32.50700,32.58500,32.48900,32.56900,2290.67
1772475720000,32.57200,32.58400,32.49800,32.53200,2298.62
1772475780000,32.54000,32.54000,32.47400,32.52500,121.74
1772475840000,32.52300,32.53500,32.48600,32.49100,858.04
1772475900000,32.49000,32.53500,32.42100,32.53400,2262.87
1772475960000,32.52900,32.59600,32.52900,32.57400,1551.18
1772476020000,32.58800,32.67000,32.58800,32.66900,210.09
1772476080000,32.63800,32.63800,32.60900,32.61400,788.69
1772476140000,32.61400,32.61900,32.56100,32.57800,703.85
1772476200000,32.60800,32.60800,32.50600,32.52400,234.62
1772476260000,32.53200,32.58300,32.49900,32.55500,322.92
1772476320000,32.56500,32.66600,32.56000,32.66600,371.67
1772476380000,32.64900,32.67900,32.62000,32.63900,459.52
1772476440000,32.65300,32.66600,32.62600,32.65400,223.62
1772476500000,32.63800,32.65900,32.61800,32.63500,284.53
1772476560000,32.64100,32.65000,32.62100,32.64200,137.33
1772476620000,32.64000,32.64000,32.58600,32.58700,115.96
1772476680000,32.57400,32.60300,32.50500,32.50500,337.50
1772476740000,32.50700,32.50700,32.44400,32.49100,376.63
1772476800000,32.49000,32.53000,32.46200,32.49300,265.99
1772476860000,32.49300,32.49300,32.37700,32.38600,755.65
1772476920000,32.38300,32.42500,32.38300,32.41500,764.18
1772476980000,32.41800,32.50500,32.40800,32.45600,330.98
1772477040000,32.45000,32.50700,32.43800,32.50700,258.89
1772477100000,32.50900,32.50900,32.45400,32.48200,277.24
1772477160000,32.48500,32.55200,32.48500,32.55100,695.35
1772477220000,32.54200,32.54300,32.47700,32.52500,209.03
1772477280000,32.52500,32.55200,32.51400,32.55100,286.50
1772477340000,32.54100,32.56500,32.53200,32.56500,236.62
1772477400000,32.57000,32.58800,32.52400,32.56200,530.09
1772477460000,32.55700,32.55700,32.48200,32.50800,146.02
1772477520000,32.49900,32.49900,32.45400,32.46400,338.90
1772477580000,32.46300,32.46300,32.37500,32.40800,594.55
1772477640000,32.42200,32.45400,32.41000,32.41800,180.71
1772477700000,32.41500,32.42600,32.34100,32.36500,234.17
1772477760000,32.36600,32.49000,32.36600,32.49000,291.35
1772477820000,32.49400,32.50100,32.44200,32.44600,208.26
1772477880000,32.43700,32.45000,32.34700,32.40200,1101.95
1772477940000,32.38900,32.44500,32.38100,32.39200,222.21
1772478000000,32.37200,32.37200,32.34100,32.35000,132.26
1772478060000,32.39200,32.39800,32.31800,32.31800,727.15
1772478120000,32.32800,32.32800,32.19400,32.27100,3474.76
1772478180000,32.27100,32.27100,32.17600,32.22700,1411.92
1772478240000,32.23900,32.32900,32.23900,32.29600,882.09
1772478300000,32.31100,32.31100,32.25600,32.27400,317.47
1772478360000,32.27700,32.27800,32.14400,32.16400,726.91
1772478420000,32.15000,32.16100,32.11700,32.16000,1168.34
1772478480000,32.16600,32.20000,32.16200,32.18000,352.60
1772478540000,32.18000,32.23600,32.16200,32.23300,267.93
1772478600000,32.23000,32.23000,32.11200,32.11200,395.18
1772478660000,32.11200,32.11500,32.06000,32.11500,8082.18
1772478720000,32.12200,32.15600,32.08200,32.12900,262.17
1772478780000,32.13400,32.13500,32.08000,32.09000,754.89
1772478840000,32.10500,32.17100,32.10100,32.16600,189.19
1772478900000,32.17900,32.17900,32.13600,32.13600,148.22
1772478960000,32.14900,32.15400,32.09400,32.13300,122.29
1772479020000,32.15800,32.21800,32.15800,32.16900,324.50
1772479080000,32.15300,32.15300,32.07900,32.10200,257.55
1772479140000,32.09800,32.17000,32.09800,32.15700,866.32
1772479200000,32.17300,32.19100,32.15200,32.17700,782.54
1772479260000,32.18200,32.29300,32.18200,32.29300,634.50
1772479320000,32.28600,32.28600,32.23800,32.25500,1226.53
1772479380000,32.25500,32.31000,32.25500,32.27600,2759.83
1772479440000,32.27600,32.27600,32.21400,32.21400,667.92
1772479500000,32.21400,32.21800,32.17900,32.19300,208.21
1772479560000,32.17100,32.17100,32.06900,32.06900,958.00
1772479620000,32.07800,32.08000,32.03100,32.03100,849.56
1772479680000,32.04000,32.05500,32.01100,32.05500,910.05
1772479740000,32.05200,32.06300,32.04400,32.05800,262.29
1772479800000,32.08500,32.09100,32.03600,32.03800,2015.53
1772479860000,32.04200,32.04400,31.94700,31.95400,1823.61
1772479920000,31.96100,32.02000,31.96100,31.98700,1289.01
1772479980000,31.99800,32.08300,31.98600,32.06500,503.84
1772480040000,32.07300,32.09600,32.03900,32.05400,343.68
1772480100000,32.06900,32.11700,32.05200,32.09600,212.59
1772480160000,32.09500,32.12800,32.09000,32.09000,214.33
1772480220000,32.09800,32.14000,32.08500,32.10700,169.98
1772480280000,32.13800,32.17000,32.13300,32.16400,209.27
1772480340000,32.16600,32.18100,32.16500,32.16600,1537.71
1772480400000,32.16600,32.18100,32.12500,32.14000,3270.93
1772480460000,32.11700,32.15400,32.09700,32.15000,171.80
1772480520000,32.17200,32.17200,32.12300,32.17200,164.14
1772480580000,32.16700,32.18300,32.16500,32.18300,63.30
1772480640000,32.18300,32.20600,32.17800,32.20000,177.04
1772480700000,32.20600,32.23400,32.20100,32.21600,647.58
1772480760000,32.19800,32.25100,32.19300,32.21700,327.39
1772480820000,32.21700,32.31700,32.21200,32.30900,825.03
1772480880000,32.30800,32.30800,32.27300,32.29000,835.61
1772480940000,32.29100,32.49700,32.26700,32.49000,1615.98
1772481000000,32.47800,32.47800,32.40900,32.41000,3930.02
1772481060000,32.40600,32.40700,32.38800,32.38800,3667.33
1772481120000,32.37700,32.40000,32.32500,32.36300,454.54
1772481180000,32.37700,32.43900,32.37600,32.41800,2078.91
1772481240000,32.41100,32.45900,32.39900,32.39900,370.10
1772481300000,32.40200,32.45600,32.40200,32.45400,517.96
1772481360000,32.44200,32.46100,32.34900,32.34900,344.02
1772481420000,32.36900,32.38000,32.35300,32.35300,295.71
1772481480000,32.36600,32.47400,32.36600,32.47300,138.77
1772481540000,32.47100,32.47100,32.40600,32.44200,230.89
1772481600000,32.42100,32.42900,32.38600,32.39300,190.29
1772481660000,32.41900,32.47900,32.41900,32.47200,246.15
1772481720000,32.47600,32.54300,32.46700,32.53900,823.41
1772481780000,32.53300,32.53300,32.46700,32.47200,456.02
1772481840000,32.46500,32.53300,32.45900,32.52900,375.62
1772481900000,32.52300,32.58800,32.52300,32.58600,615.86
1772481960000,32.58900,32.59500,32.43500,32.45600,659.74
1772482020000,32.48700,32.49600,32.40200,32.42700,813.20
1772482080000,32.44400,32.46900,32.40000,32.43600,253.06
1772482140000,32.44500,32.45000,32.30800,32.34200,1099.92
1772482200000,32.33700,32.33700,32.01100,32.01100,4725.38
1772482260000,32.02900,32.07100,31.95600,31.96100,4163.55
1772482320000,31.95400,32.06000,31.94200,32.06000,1463.18
1772482380000,32.06300,32.09100,32.00000,32.01700,1113.50
1772482440000,32.04900,32.08100,32.03100,32.05800,366.53
1772482500000,32.04300,32.09200,32.01200,32.07000,258.24
1772482560000,32.07000,32.14100,32.07000,32.12400,244.68
1772482620000,32.10700,32.16900,32.10700,32.16900,912.08
1772482680000,32.17000,32.19000,32.15000,32.18800,553.55
1772482740000,32.18800,32.20000,32.11300,32.13000,178.34
1772482800000,32.13900,32.19900,32.11900,32.19900,203.77
1772482860000,32.18500,32.19100,32.16100,32.16900,210.36
1772482920000,32.18000,32.24400,32.18000,32.20400,653.90
1772482980000,32.19200,32.19200,32.15300,32.18900,310.45
1772483040000,32.18400,32.20100,32.14600,32.14600,92.13
1772483100000,32.13500,32.18800,32.12800,32.13000,137.93
1772483160000,32.13300,32.18300,32.13300,32.18300,129.66
1772483220000,32.17800,32.23500,32.17800,32.22200,158.59
1772483280000,32.21500,32.24500,32.18600,32.22000,146.37
1772483340000,32.21200,32.23800,32.19300,32.21100,186.77
1772483400000,32.21900,32.24100,32.20800,32.23600,210.32
1772483460000,32.24300,32.24300,32.18000,32.20100,287.51
1772483520000,32.19900,32.24200,32.18500,32.24200,179.18
1772483580000,32.24500,32.27800,32.24500,32.27000,617.50
1772483640000,32.28200,32.29300,32.27000,32.28900,186.12
1772483700000,32.28900,32.29300,32.24600,32.29100,108.50
1772483760000,32.29000,32.29800,32.26200,32.27700,282.48
1772483820000,32.28000,32.29700,32.26200,32.27200,106.40
1772483880000,32.27300,32.33500,32.26200,32.33500,514.78
1772483940000,32.33500,32.37300,32.32900,32.34800,943.16
1772484000000,32.32100,32.36700,32.32100,32.32500,230.93
1772484060000,32.34200,32.35700,32.31800,32.31800,190.08
1772484120000,32.31800,32.37700,32.31500,32.37700,145.21
1772484180000,32.38200,32.39900,32.38200,32.39700,124.57
1772484240000,32.37400,32.39900,32.37300,32.39900,176.44
1772484300000,32.39500,32.50000,32.38500,32.48800,1328.13
1772484360000,32.48800,32.58800,32.48800,32.56800,2647.38
1772484420000,32.58800,32.58800,32.52000,32.54600,1156.08
1772484480000,32.54600,32.61800,32.54600,32.60700,1192.54
1772484540000,32.60500,32.64600,32.60500,32.64400,1632.68
1772484600000,32.65100,32.67100,32.58400,32.62600,856.31
1772484660000,32.63300,32.65600,32.56900,32.65100,241.69
1772484720000,32.65500,32.69200,32.65300,32.68100,368.67
1772484780000,32.68900,32.69200,32.64100,32.68000,1521.68
1772484840000,32.68400,32.70400,32.59700,32.61300,635.81
1772484900000,32.60200,32.62400,32.59000,32.61700,278.68
1772484960000,32.61700,32.62400,32.59200,32.62100,103.65
1772485020000,32.61800,32.62900,32.59600,32.61600,107.26
1772485080000,32.62400,32.62400,32.56900,32.58600,132.19
1772485140000,32.58600,32.64400,32.55800,32.58500,172.75
1772485200000,32.59800,32.59800,32.40800,32.40800,1147.20
1772485260000,32.40200,32.40200,32.32600,32.37400,1118.11
1772485320000,32.38400,32.47500,32.37900,32.47500,209.63
1772485380000,32.46000,32.46200,32.40600,32.43300,171.76
1772485440000,32.42800,32.44800,32.38700,32.42500,129.64
1772485500000,32.44900,32.48500,32.44600,32.48500,641.76
1772485560000,32.48500,32.52200,32.45700,32.48200,655.53
1772485620000,32.48900,32.65100,32.48900,32.65000,569.56
1772485680000,32.64400,32.74200,32.63700,32.70100,819.18
1772485740000,32.69900,32.69900,32.58000,32.58000,422.04
1772485800000,32.57600,32.58700,32.55200,32.55200,420.32
1772485860000,32.55200,32.55200,32.52700,32.52700,201.97
1772485920000,32.52800,32.53400,32.48300,32.51400,165.97
1772485980000,32.52600,32.55900,32.52200,32.54600,122.80
1772486040000,32.53000,32.61000,32.52200,32.59200,139.39
1772486100000,32.58400,32.58400,32.52100,32.53200,736.49
1772486160000,32.53900,32.56000,32.52500,32.52500,150.13
1772486220000,32.52500,32.62900,32.51900,32.53900,204.09
1772486280000,32.56300,32.57000,32.53200,32.54600,212.25
1772486340000,32.54600,32.54600,32.48300,32.48600,415.66
1772486400000,32.49100,32.49100,32.46200,32.46400,73.34
1772486460000,32.46200,32.46200,32.35900,32.39200,1209.99
1772486520000,32.41100,32.47400,32.40400,32.45900,287.70
1772486580000,32.45300,32.50500,32.45300,32.49300,131.04
1772486640000,32.50500,32.51300,32.47100,32.50600,82.09
1772486700000,32.50600,32.50600,32.41300,32.44800,505.42
1772486760000,32.44200,32.48200,32.42400,32.44800,171.76
1772486820000,32.45400,32.45400,32.42200,32.42200,50.12
1772486880000,32.42200,32.44000,32.42200,32.43000,45.14
1772486940000,32.43700,32.51700,32.43700,32.49500,283.28
1772487000000,32.50500,32.50500,32.45900,32.46400,53.57
1772487060000,32.47400,32.50900,32.47200,32.49900,39.52
1772487120000,32.49400,32.52200,32.48200,32.50900,27.20
1772487180000,32.50400,32.52800,32.48000,32.49400,67.03
1772487240000,32.49100,32.51100,32.48000,32.48900,30.28
1772487300000,32.47900,32.47900,32.38400,32.43500,370.87
1772487360000,32.43500,32.48000,32.43300,32.47800,53.54
1772487420000,32.48200,32.49200,32.35700,32.35700,933.74
1772487480000,32.35700,32.37500,32.34800,32.37500,154.50
1772487540000,32.40400,32.47900,32.40400,32.47900,79.52
1772487600000,32.46300,32.47900,32.43500,32.47900,85.12
1772487660000,32.47100,32.56600,32.47100,32.54100,369.80
1772487720000,32.54300,32.64400,32.54100,32.64400,269.67
1772487780000,32.65400,32.65500,32.61100,32.61100,234.75
1772487840000,32.59900,32.62300,32.59800,32.62300,749.88
1772487900000,32.61700,32.61700,32.59800,32.59800,148.04
1772487960000,32.59800,32.59800,32.45800,32.47000,476.13
1772488020000,32.45700,32.48100,32.44400,32.47500,556.27
1772488080000,32.47800,32.52500,32.44500,32.52500,202.72
1772488140000,32.50900,32.50900,32.48100,32.48600,238.39
1772488200000,32.48900,32.52600,32.48900,32.52000,40.33
1772488260000,32.52900,32.56900,32.52900,32.55800,73.93
1772488320000,32.55300,32.55300,32.46100,32.46700,166.53
1772488380000,32.46100,32.58700,32.45700,32.58700,69.56
1772488440000,32.58800,32.60900,32.56500,32.56500,335.23
1772488500000,32.55400,32.55800,32.51300,32.51300,1188.98
1772488560000,32.51300,32.58100,32.49700,32.57800,526.50
1772488620000,32.55400,32.56200,32.53800,32.55300,106.80
1772488680000,32.54900,32.56700,32.47600,32.47600,235.32
1772488740000,32.48700,32.55400,32.48700,32.55400,82.90
1772488800000,32.55400,32.57900,32.54900,32.56600,72.81
1772488860000,32.59800,32.61500,32.55700,32.55700,387.15
1772488920000,32.55700,32.57700,32.53700,32.54700,81.28
1772488980000,32.55300,32.63000,32.54500,32.63000,407.69
1772489040000,32.62700,32.67000,32.61500,32.62100,413.83
1772489100000,32.64000,32.67700,32.64000,32.64100,93.96
1772489160000,32.65300,32.65300,32.57800,32.61400,451.35
1772489220000,32.62800,32.64900,32.61700,32.62900,368.12
1772489280000,32.64200,32.67900,32.63300,32.63300,1052.64
1772489340000,32.64000,32.68500,32.63800,32.68500,325.96
1772489400000,32.68800,32.70000,32.65100,32.69900,56.50
1772489460000,32.69900,32.69900,32.65900,32.68400,93.92
1772489520000,32.69400,32.70900,32.69400,32.70900,477.38
1772489580000,32.71000,32.77100,32.70600,32.74500,602.56
1772489640000,32.72900,32.73800,32.69400,32.73800,323.21
1772489700000,32.74000,32.74900,32.62800,32.67800,144.57
1772489760000,32.68500,32.74600,32.66700,32.74600,210.85
1772489820000,32.74700,32.78900,32.74700,32.78700,172.20
1772489880000,32.77700,32.79900,32.74400,32.74400,84.95
1772489940000,32.73700,32.73700,32.66400,32.70300,120.62
1772490000000,32.72300,32.72900,32.67400,32.72300,117.28
1772490060000,32.73500,32.73700,32.70900,32.71600,73.60
1772490120000,32.72100,32.78700,32.72100,32.78700,66.07
1772490180000,32.79900,32.83600,32.76900,32.78500,973.19
1772490240000,32.78600,32.81500,32.78600,32.79500,465.49
1772490300000,32.78900,32.93100,32.78900,32.93100,5278.31
1772490360000,32.92500,32.92500,32.86800,32.88100,225.25
1772490420000,32.89700,32.95600,32.89100,32.92000,792.73
1772490480000,32.91400,32.97800,32.91400,32.95900,392.41
1772490540000,32.95700,32.99000,32.95700,32.98200,2000.94
1772490600000,32.98600,32.98600,32.93400,32.95400,202.53
1772490660000,32.97600,33.11500,32.97600,33.11500,1317.95
1772490720000,33.08400,33.13600,33.08400,33.13600,974.92
1772490780000,33.11900,33.11900,33.07100,33.10800,174.01
1772490840000,33.12300,33.12500,33.10800,33.12300,63.62
1772490900000,33.12300,33.15300,33.11400,33.15200,86.96
1772490960000,33.15200,33.16600,33.14100,33.16300,647.47
1772491020000,33.14500,33.14600,33.08500,33.10400,1223.71
1772491080000,33.09100,33.19200,33.09100,33.19200,564.24
1772491140000,33.16200,33.20800,33.14600,33.20800,851.35
1772491200000,33.19400,33.22200,33.18300,33.18600,281.66
1772491260000,33.18500,33.24200,33.18500,33.23000,521.10
1772491320000,33.22100,33.22800,33.19900,33.20100,118.20
1772491380000,33.20100,33.20500,33.19000,33.19400,79.50
1772491440000,33.16900,33.18900,33.16900,33.18700,227.57
1772491500000,33.20200,33.22200,33.20200,33.22200,45.13
1772491560000,33.22200,33.22200,33.15700,33.15700,138.19
1772491620000,33.15400,33.17100,33.15400,33.17100,176.23
1772491680000,33.17000,33.17100,33.11500,33.11800,224.65
1772491740000,33.12100,33.12500,33.07300,33.11200,747.16
1772491800000,33.11400,33.15200,33.10900,33.10900,374.34
1772491860000,33.10900,33.13700,33.10900,33.13700,123.17
1772491920000,33.14000,33.14700,33.09300,33.09300,65.52
1772491980000,33.09300,33.11200,33.06000,33.08500,437.94
1772492040000,33.09400,33.09400,33.04100,33.04900,109.29
1772492100000,33.05200,33.05300,33.00000,33.00700,538.34
1772492160000,33.02400,33.03000,33.01800,33.01900,116.20
1772492220000,33.01900,33.03600,33.01900,33.03600,236.65
1772492280000,33.03600,33.08300,33.03100,33.08300,403.03
1772492340000,33.06800,33.06800,33.02900,33.05600,79.70
1772492400000,33.06800,33.11200,33.06800,33.09900,340.77
1772492460000,33.09900,33.12100,33.03100,33.03100,168.30
1772492520000,33.02900,33.10000,33.00000,33.10000,266.46
1772492580000,33.11400,33.13300,33.01700,33.04000,251.02
1772492640000,33.04900,33.07900,33.03100,33.07400,1865.92
1772492700000,33.09700,33.09700,32.97100,32.97100,375.34
1772492760000,32.97100,33.01900,32.95900,33.00600,1388.72
1772492820000,33.01900,33.05300,32.99000,33.01400,1069.71
1772492880000,33.01700,33.09500,33.01700,33.09500,82.58
1772492940000,33.09400,33.15100,33.07700,33.12900,146.06
1772493000000,33.11600,33.17600,33.10200,33.16900,224.90
1772493060000,33.16200,33.18100,33.10700,33.10700,124.90
1772493120000,33.09700,33.09700,33.02600,33.06500,259.42
1772493180000,33.06500,33.08700,33.01900,33.05300,417.00
1772493240000,33.05800,33.12000,33.05200,33.05200,169.04
1772493300000,33.05200,33.09100,33.00000,33.00600,1118.00
1772493360000,33.00400,33.04100,32.97300,33.01300,244.30
1772493420000,33.01300,33.09200,33.00100,33.09100,115.66
1772493480000,33.09700,33.09700,33.05000,33.07700,144.62
1772493540000,33.07700,33.10100,33.05700,33.07300,150.43
1772493600000,33.06600,33.14800,33.03600,33.14800,293.78
1772493660000,33.13200,33.18600,33.13200,33.17100,191.41
1772493720000,33.17100,33.19500,33.15800,33.17500,453.01
1772493780000,33.17700,33.17700,33.04000,33.15200,714.72
1772493840000,33.15600,33.21800,33.15600,33.19200,790.14
1772493900000,33.17700,33.20200,33.15200,33.19100,381.97
1772493960000,33.18900,33.18900,33.13300,33.15600,121.47
1772494020000,33.15200,33.16400,33.13900,33.15900,87.17
1772494080000,33.14900,33.14900,33.07800,33.10600,217.40
1772494140000,33.09200,33.10300,33.03300,33.03800,443.07
1772494200000,33.04200,33.04200,32.82400,32.82900,3146.55
1772494260000,32.87300,32.89400,32.82400,32.83200,1398.49
1772494320000,32.84700,32.94400,32.84700,32.94400,339.74
1772494380000,32.94000,32.95100,32.84400,32.88300,604.07
1772494440000,32.88800,32.97500,32.88800,32.97500,695.93
1772494500000,32.98300,32.98300,32.93000,32.98100,228.12
1772494560000,32.98200,32.99700,32.89300,32.97000,370.23
1772494620000,32.97900,33.00600,32.96600,32.98400,195.50
1772494680000,32.96100,32.99800,32.95700,32.98000,97.67
1772494740000,32.98600,32.98700,32.91400,32.93300,96.49
1772494800000,32.92500,32.98900,32.84600,32.84600,244.14
1772494860000,32.84500,32.88100,32.82800,32.86200,1135.71
1772494920000,32.86300,32.87700,32.82400,32.87700,139.89
1772494980000,32.86600,32.87300,32.68300,32.70100,1914.39
1772495040000,32.71100,32.71100,32.58800,32.67300,1440.80
1772495100000,32.67700,32.77900,32.67100,32.77900,689.52
1772495160000,32.77400,32.81800,32.77000,32.81800,665.97
1772495220000,32.82000,32.82700,32.78100,32.79600,668.79
1772495280000,32.81600,32.82600,32.80600,32.82400,301.05
1772495340000,32.82400,32.84100,32.80500,32.82100,299.50
1772495400000,32.82000,32.85200,32.80500,32.83800,252.46
1772495460000,32.84500,32.84500,32.80000,32.84100,382.26
1772495520000,32.83800,32.85200,32.79600,32.80400,270.28
1772495580000,32.79100,32.79100,32.74000,32.74900,762.57
1772495640000,32.74500,32.76000,32.71700,32.74500,266.10
1772495700000,32.72400,32.78600,32.72400,32.78600,334.76
1772495760000,32.78800,32.78800,32.74700,32.77100,144.43
1772495820000,32.76500,32.83000,32.75300,32.82200,135.15
1772495880000,32.82700,32.82700,32.77300,32.77800,237.69
1772495940000,32.77300,32.81400,32.75800,32.81400,559.15
1772496000000,32.80400,32.84000,32.79100,32.80300,364.71
1772496060000,32.80200,32.85000,32.80200,32.83100,365.34
1772496120000,32.82500,32.87100,32.82500,32.87100,403.60
1772496180000,32.85800,32.88400,32.80800,32.87800,178.98
1772496240000,32.86600,32.88500,32.81700,32.82500,638.73
1772496300000,32.79800,32.81700,32.77000,32.81700,676.16
1772496360000,32.83800,32.91900,32.82500,32.90500,438.62
1772496420000,32.87500,32.90200,32.87500,32.88700,319.61
1772496480000,32.88500,32.88500,32.83900,32.84300,142.88
1772496540000,32.86500,32.93500,32.86500,32.91100,505.15
1772496600000,32.90900,32.93500,32.90900,32.92900,367.50
1772496660000,32.91300,32.91300,32.86100,32.86600,358.23
1772496720000,32.86200,32.86500,32.71500,32.71500,701.35
1772496780000,32.71600,32.74100,32.68900,32.73000,1060.30
1772496840000,32.74700,32.77100,32.73900,32.77100,387.57
1772496900000,32.77900,32.82400,32.77400,32.78300,276.02
1772496960000,32.79400,32.79400,32.60100,32.60100,1507.24
1772497020000,32.60100,32.61800,32.59400,32.60300,1528.14
1772497080000,32.59400,32.59400,32.54800,32.56400,828.93
1772497140000,32.56800,32.56800,32.46800,32.46800,2762.02
1772497200000,32.48600,32.56000,32.48600,32.51300,1030.85
1772497260000,32.52700,32.54300,32.39000,32.44500,1882.42
1772497320000,32.44400,32.45800,32.39000,32.39300,1761.38
1772497380000,32.39000,32.42300,32.36500,32.40600,485.90
1772497440000,32.41200,32.43600,32.38500,32.41800,185.92
1772497500000,32.39500,32.39500,32.33600,32.33600,218.67
1772497560000,32.33600,32.33600,32.28700,32.32700,1392.84
1772497620000,32.32700,32.36600,32.31100,32.35600,619.18
1772497680000,32.34900,32.35800,32.31400,32.35200,191.41
1772497740000,32.35200,32.35400,32.29800,32.32700,206.55
1772497800000,32.33400,32.34100,32.27400,32.27400,1335.71
1772497860000,32.27800,32.35500,32.27800,32.31300,234.20
1772497920000,32.32100,32.32800,32.26800,32.28300,640.24
1772497980000,32.27900,32.49400,32.27900,32.49400,1712.41
1772498040000,32.47300,32.49700,32.44200,32.46600,935.80
1772498100000,32.46600,32.50100,32.44300,32.50100,397.79
1772498160000,32.50400,32.64100,32.50400,32.64100,1510.60
1772498220000,32.61400,32.65000,32.61100,32.61200,950.75
1772498280000,32.60700,32.62100,32.57700,32.57700,324.77
1772498340000,32.57200,32.61400,32.55300,32.56200,515.09
1772498400000,32.58300,32.62800,32.57800,32.59200,205.17
1772498460000,32.58500,32.65600,32.57200,32.62600,194.37
1772498520000,32.63000,32.65700,32.56000,32.58200,546.85
1772498580000,32.58000,32.61300,32.54200,32.54200,239.52
1772498640000,32.52500,32.52500,32.48500,32.52400,1755.00
1772498700000,32.52500,32.59300,32.52500,32.55900,445.04
1772498760000,32.55600,32.59300,32.54500,32.58100,278.74
1772498820000,32.58800,32.58800,32.48200,32.48800,289.16
1772498880000,32.47700,32.47700,32.41500,32.42000,657.76
1772498940000,32.42000,32.43000,32.38900,32.42300,405.60
1772499000000,32.41600,32.48000,32.41600,32.46400,90.52
1772499060000,32.44400,32.47700,32.43900,32.44400,300.27
1772499120000,32.44900,32.49300,32.44900,32.47600,60.37
1772499180000,32.48800,32.48900,32.44100,32.45400,68.94
1772499240000,32.44700,32.48800,32.43500,32.48800,215.97
1772499300000,32.48800,32.48800,32.39600,32.39600,173.09
1772499360000,32.41500,32.44400,32.41100,32.43000,167.52
1772499420000,32.41400,32.44700,32.40400,32.44000,65.76
1772499480000,32.43400,32.50700,32.43400,32.48800,89.94
1772499540000,32.48800,32.52200,32.46600,32.46600,294.46
1772499600000,32.45500,32.48000,32.38200,32.38200,315.85
1772499660000,32.37900,32.38200,32.31500,32.31500,2607.00
1772499720000,32.33100,32.37200,32.32800,32.34800,350.99
1772499780000,32.34500,32.38700,32.31800,32.38700,93.74
1772499840000,32.38800,32.44000,32.38400,32.44000,478.07
